9,10,12,15,20,29,30,16,Powerball Draw 1480 dividends
4,7,9,10,12,24,32,15,Powerball Draw 1479 dividends
9,12,22,24,31,32,34,10,Powerball Draw 1478 dividends
3,7,13,18,21,25,32,18,Powerball Draw 1477 dividends
6,9,12,15,20,21,34,15,Powerball Draw 1476 dividends
4,10,11,16,18,23,24,6,Powerball Draw 1475 dividends
1,8,11,12,16,18,28,15,Powerball Draw 1474 dividends
4,7,8,20,23,29,32,17,Powerball Draw 1473 dividends
2,6,8,10,21,27,30,9,Powerball Draw 1472 dividends
5,6,7,8,12,16,17,13,Powerball Draw 1471 dividends
4,6,16,18,20,28,31,6,Powerball Draw 1470 dividends
9,12,16,17,19,20,22,9,Powerball Draw 1469 dividends
6,8,9,12,13,21,30,4,Powerball Draw 1468 dividends
5,8,9,12,18,33,34,6,Powerball Draw 1467 dividends
1,11,17,20,23,30,32,16,Powerball Draw 1466 dividends
2,6,9,17,25,26,32,4,Powerball Draw 1465 dividends
2,3,5,14,18,20,30,4,Powerball Draw 1464 dividends
2,3,10,20,22,33,35,9,Powerball Draw 1463 dividends
4,6,8,18,28,29,34,11,Powerball Draw 1462 dividends
1,2,9,12,13,14,18,3,Powerball Draw 1461 dividends
1,3,6,12,16,18,32,4,Powerball Draw 1460 dividends
2,4,5,7,13,23,25,16,Powerball Draw 1459 dividends
3,17,20,28,29,32,34,18,Powerball Draw 1458 dividends
9,18,22,23,31,34,35,1,Powerball Draw 1457 dividends
4,6,20,21,24,25,30,2,Powerball Draw 1456 dividends
1,7,10,19,20,25,31,11,Powerball Draw 1455 dividends
6,9,15,18,19,29,34,4,Powerball Draw 1454 dividends
3,7,10,12,13,24,25,11,Powerball Draw 1453 dividends
5,15,24,27,30,32,35,2,Powerball Draw 1452 dividends
2,4,6,8,20,24,30,10,Powerball Draw 1451 dividends
3,5,13,24,25,31,33,17,Powerball Draw 1450 dividends
5,6,7,12,27,28,33,4,Powerball Draw 1449 dividends
5,10,15,18,19,34,35,20,Powerball Draw 1448 dividends
6,7,12,16,20,25,26,2,Powerball Draw 1447 dividends
1,12,23,26,32,33,35,10,Powerball Draw 1446 dividends
1,4,6,9,21,26,27,10,Powerball Draw 1445 dividends
17,20,21,22,24,31,34,6,Powerball Draw 1444 dividends
2,5,16,25,30,32,34,7,Powerball Draw 1443 dividends
21,22,27,30,31,33,34,4,Powerball Draw 1442 dividends
9,11,15,16,24,27,35,1,Powerball Draw 1441 dividends
13,14,20,22,25,34,35,12,Powerball Draw 1440 dividends
2,4,6,8,18,22,30,2,Powerball Draw 1439 dividends
4,6,15,17,23,31,33,15,Powerball Draw 1438 dividends
1,2,11,19,23,30,34,4,Powerball Draw 1437 dividends
4,7,23,31,32,33,35,5,Powerball Draw 1436 dividends
1,7,8,11,29,31,32,16,Powerball Draw 1435 dividends
5,15,23,29,30,34,35,2,Powerball Draw 1434 dividends
6,8,11,12,22,23,30,15,Powerball Draw 1433 dividends
4,9,11,16,22,31,35,20,Powerball Draw 1432 dividends
1,3,4,6,7,24,26,18,Powerball Draw 1431 dividends
1,6,10,20,21,31,35,13,Powerball Draw 1430 dividends
3,4,8,11,14,19,22,5,Powerball Draw 1429 dividends
2,3,14,15,26,27,28,19,Powerball Draw 1428 dividends
4,10,12,13,18,20,23,5,Powerball Draw 1427 dividends
2,5,6,10,17,19,31,10,Powerball Draw 1426 dividends
11,14,18,20,24,27,29,19,Powerball Draw 1425 dividends
6,10,14,27,31,32,35,6,Powerball Draw 1424 dividends
3,8,11,17,18,20,33,7,Powerball Draw 1423 dividends
10,12,17,21,24,26,30,10,Powerball Draw 1422 dividends
9,10,11,16,18,23,24,9,Powerball Draw 1421 dividends
1,7,13,18,23,25,33,7,Powerball Draw 1420 dividends
4,14,16,18,19,22,33,18,Powerball Draw 1419 dividends
4,7,9,14,27,29,32,17,Powerball Draw 1418 dividends
3,11,17,19,27,29,30,15,Powerball Draw 1417 dividends
7,10,12,16,17,20,28,20,Powerball Draw 1416 dividends
1,3,5,8,18,24,28,2,Powerball Draw 1415 dividends
3,4,5,6,14,22,23,17,Powerball Draw 1414 dividends
2,9,11,13,20,25,31,2,Powerball Draw 1413 dividends
12,15,17,20,21,22,28,11,Powerball Draw 1412 dividends
6,14,19,23,28,31,34,3,Powerball Draw 1411 dividends
8,12,17,20,27,29,30,6,Powerball Draw 1410 dividends
3,6,7,11,19,20,33,18,Powerball Draw 1409 dividends
3,8,9,12,15,18,28,14,Powerball Draw 1408 dividends
2,13,18,20,31,34,35,9,Powerball Draw 1407 dividends
6,16,19,27,28,30,33,17,Powerball Draw 1406 dividends
1,12,13,18,24,30,32,6,Powerball Draw 1405 dividends
5,12,15,19,27,29,33,4,Powerball Draw 1404 dividends
6,12,17,21,24,30,33,10,Powerball Draw 1403 dividends
5,6,7,11,12,13,35,15,Powerball Draw 1402 dividends
4,5,7,18,19,25,26,15,Powerball Draw 1401 dividends
3,17,22,28,29,32,34,18,Powerball Draw 1400 dividends
7,10,17,20,27,30,33,1,Powerball Draw 1399 dividends
13,14,16,18,19,21,29,18,Powerball Draw 1398 dividends
3,5,6,11,24,26,30,9,Powerball Draw 1397 dividends
5,8,12,13,20,21,35,8,Powerball Draw 1396 dividends
3,8,11,16,28,32,35,13,Powerball Draw 1395 dividends
2,7,15,21,24,31,35,18,Powerball Draw 1394 dividends
1,15,21,28,30,31,33,16,Powerball Draw 1393 dividends
3,19,21,30,32,34,35,1,Powerball Draw 1392 dividends
3,10,18,22,29,30,34,5,Powerball Draw 1391 dividends
5,7,9,13,21,27,35,6,Powerball Draw 1390 dividends
4,6,9,22,23,24,26,18,Powerball Draw 1389 dividends
5,7,18,21,23,28,31,4,Powerball Draw 1388 dividends
1,7,19,21,22,26,34,2,Powerball Draw 1387 dividends
4,10,14,18,19,21,35,11,Powerball Draw 1386 dividends
2,4,5,7,8,29,34,15,Powerball Draw 1385 dividends
6,9,14,25,27,31,33,15,Powerball Draw 1384 dividends
1,5,6,7,14,19,33,17,Powerball Draw 1383 dividends
3,5,14,15,17,22,32,7,Powerball Draw 1382 dividends
2,6,8,12,22,24,32,2,Powerball Draw 1381 dividends
2,4,7,10,12,18,34,7,Powerball Draw 1380 dividends
6,11,14,17,24,25,33,18,Powerball Draw 1379 dividends
1,13,16,18,25,31,35,2,Powerball Draw 1378 dividends
3,4,6,14,17,28,35,10,Powerball Draw 1377 dividends
9,12,15,16,19,20,35,4,Powerball Draw 1376 dividends
10,15,21,24,26,28,35,8,Powerball Draw 1375 dividends
2,9,10,13,22,31,35,15,Powerball Draw 1374 dividends
13,15,21,23,25,30,31,10,Powerball Draw 1373 dividends
3,4,10,12,15,26,34,20,Powerball Draw 1372 dividends
4,8,12,16,25,31,32,17,Powerball Draw 1371 dividends
1,2,4,20,22,23,27,20,Powerball Draw 1370 dividends
5,9,18,22,23,28,30,3,Powerball Draw 1369 dividends
6,11,13,17,21,23,32,15,Powerball Draw 1368 dividends
5,9,10,19,23,24,34,13,Powerball Draw 1367 dividends
2,7,8,9,24,25,26,9,Powerball Draw 1366 dividends
1,6,17,20,26,33,35,5,Powerball Draw 1365 dividends
3,6,13,14,16,28,30,11,Powerball Draw 1364 dividends
1,6,11,16,17,22,29,2,Powerball Draw 1363 dividends
2,7,9,10,22,31,35,19,Powerball Draw 1362 dividends
3,6,12,15,18,28,29,15,Powerball Draw 1361 dividends
2,3,6,13,20,23,34,12,Powerball Draw 1360 dividends
6,8,11,15,21,31,33,7,Powerball Draw 1359 dividends
10,13,16,19,21,25,33,18,Powerball Draw 1358 dividends
5,8,11,15,27,28,34,3,Powerball Draw 1357 dividends
4,7,9,14,16,18,22,10,Powerball Draw 1356 dividends
2,12,16,17,26,30,35,19,Powerball Draw 1355 dividends
1,7,12,16,19,24,25,7,Powerball Draw 1354 dividends
15,17,19,22,25,28,29,6,Powerball Draw 1353 dividends
2,3,5,11,14,20,31,4,Powerball Draw 1352 dividends
3,5,7,10,15,30,34,12,Powerball Draw 1351 dividends
6,10,13,26,27,28,34,11,Powerball Draw 1350 dividends
4,5,9,21,23,28,32,20,Powerball Draw 1349 dividends
2,7,13,17,19,23,25,13,Powerball Draw 1348 dividends
5,13,15,16,19,29,35,16,Powerball Draw 1347 dividends
2,4,12,18,24,27,28,4,Powerball Draw 1346 dividends
6,9,15,27,28,32,33,8,Powerball Draw 1345 dividends
6,7,13,22,24,30,34,10,Powerball Draw 1344 dividends
3,5,16,19,26,31,32,6,Powerball Draw 1343 dividends
11,16,18,21,22,26,31,8,Powerball Draw 1342 dividends
4,10,15,25,27,28,32,18,Powerball Draw 1341 dividends
11,14,25,26,31,34,35,1,Powerball Draw 1340 dividends
2,9,13,24,28,29,33,13,Powerball Draw 1339 dividends
5,15,20,27,28,29,34,8,Powerball Draw 1338 dividends
16,18,19,23,26,32,35,10,Powerball Draw 1337 dividends
3,10,13,16,20,29,33,19,Powerball Draw 1336 dividends
3,18,25,30,32,33,34,6,Powerball Draw 1335 dividends
4,9,14,25,28,29,34,3,Powerball Draw 1334 dividends
4,5,19,26,27,30,33,8,Powerball Draw 1333 dividends
3,9,16,17,21,22,34,9,Powerball Draw 1332 dividends
1,3,5,8,13,19,34,11,Powerball Draw 1331 dividends
1,2,3,4,15,17,20,16,Powerball Draw 1330 dividends
8,12,15,18,27,30,34,8,Powerball Draw 1329 dividends
9,10,14,15,23,26,29,3,Powerball Draw 1328 dividends
2,7,11,17,27,28,30,11,Powerball Draw 1327 dividends
12,17,20,22,23,27,32,17,Powerball Draw 1326 dividends
4,13,18,25,27,29,34,13,Powerball Draw 1325 dividends
2,7,14,18,24,25,27,20,Powerball Draw 1324 dividends
3,8,10,14,21,23,24,5,Powerball Draw 1323 dividends
1,8,9,22,30,31,32,9,Powerball Draw 1322 dividends
2,3,6,8,17,20,23,2,Powerball Draw 1321 dividends
4,5,12,14,17,25,28,10,Powerball Draw 1320 dividends
10,11,14,25,27,28,32,6,Powerball Draw 1319 dividends
2,7,8,9,10,26,30,3,Powerball Draw 1318 dividends
4,10,17,19,21,23,26,7,Powerball Draw 1317 dividends
7,10,11,12,16,21,25,18,Powerball Draw 1316 dividends
4,7,22,23,26,33,35,17,Powerball Draw 1315 dividends
13,15,16,20,25,28,29,11,Powerball Draw 1314 dividends
3,11,16,17,25,26,32,2,Powerball Draw 1313 dividends
7,8,9,15,17,19,32,6,Powerball Draw 1312 dividends
11,13,16,17,18,19,20,15,Powerball Draw 1311 dividends
8,13,21,28,30,31,33,15,Powerball Draw 1310 dividends
4,10,12,13,20,26,34,1,Powerball Draw 1309 dividends
2,13,15,24,25,32,35,16,Powerball Draw 1308 dividends
1,11,12,14,17,19,28,11,Powerball Draw 1307 dividends
2,5,6,10,12,24,25,20,Powerball Draw 1306 dividends
2,5,7,8,11,14,18,19,Powerball Draw 1305 dividends
5,7,8,11,12,19,25,20,Powerball Draw 1304 dividends
10,14,16,21,23,25,34,9,Powerball Draw 1303 dividends
3,10,14,15,23,30,35,15,Powerball Draw 1302 dividends
10,17,19,21,26,31,35,1,Powerball Draw 1301 dividends
1,5,9,12,17,19,24,3,Powerball Draw 1300 dividends
3,4,12,13,14,21,24,6,Powerball Draw 1299 dividends
1,7,13,23,25,26,27,15,Powerball Draw 1298 dividends
10,12,14,15,16,21,25,5,Powerball Draw 1297 dividends
6,16,18,29,30,33,35,4,Powerball Draw 1296 dividends
1,8,14,17,19,21,26,20,Powerball Draw 1295 dividends
1,6,7,18,22,28,33,4,Powerball Draw 1294 dividends
11,17,19,20,23,25,33,3,Powerball Draw 1293 dividends
3,13,16,19,22,25,30,10,Powerball Draw 1292 dividends
1,7,16,20,26,29,32,14,Powerball Draw 1291 dividends
2,6,18,29,30,33,34,8,Powerball Draw 1290 dividends
6,10,12,13,16,20,30,11,Powerball Draw 1289 dividends
6,15,19,22,27,29,35,14,Powerball Draw 1288 dividends
1,2,17,20,26,27,31,14,Powerball Draw 1287 dividends
2,3,7,17,20,22,23,5,Powerball Draw 1286 dividends
1,2,7,8,11,16,28,7,Powerball Draw 1285 dividends
4,9,11,12,21,29,32,2,Powerball Draw 1284 dividends
4,5,9,16,17,29,33,13,Powerball Draw 1283 dividends
4,8,9,11,14,19,20,19,Powerball Draw 1282 dividends
1,12,15,17,21,28,29,17,Powerball Draw 1281 dividends
3,7,20,21,25,30,31,2,Powerball Draw 1280 dividends
1,7,12,13,26,30,34,11,Powerball Draw 1279 dividends
6,9,11,14,19,23,24,20,Powerball Draw 1278 dividends
2,3,13,14,21,24,35,12,Powerball Draw 1277 dividends
1,2,10,16,24,28,31,19,Powerball Draw 1276 dividends
1,5,6,10,16,19,31,10,Powerball Draw 1275 dividends
2,7,9,15,27,31,32,7,Powerball Draw 1274 dividends
9,10,11,17,19,20,35,3,Powerball Draw 1273 dividends
11,15,16,18,22,26,30,4,Powerball Draw 1272 dividends
1,3,8,11,13,31,32,3,Powerball Draw 1271 dividends
3,4,5,7,11,19,28,6,Powerball Draw 1270 dividends
2,8,9,10,19,23,29,14,Powerball Draw 1269 dividends
1,3,9,13,17,23,32,19,Powerball Draw 1268 dividends
2,13,14,16,18,23,28,9,Powerball Draw 1267 dividends
8,12,17,18,21,23,35,1,Powerball Draw 1266 dividends
5,6,14,15,16,24,32,19,Powerball Draw 1265 dividends
5,7,14,18,23,27,33,7,Powerball Draw 1264 dividends
3,9,19,24,27,30,35,1,Powerball Draw 1263 dividends
3,7,9,16,17,28,32,6,Powerball Draw 1262 dividends
11,14,18,23,26,32,34,5,Powerball Draw 1261 dividends
2,21,26,28,31,32,33,12,Powerball Draw 1260 dividends
1,6,10,15,16,21,26,19,Powerball Draw 1259 dividends
8,12,18,20,24,27,35,17,Powerball Draw 1258 dividends
7,14,17,22,24,28,32,1,Powerball Draw 1257 dividends
1,14,17,22,26,28,33,9,Powerball Draw 1256 dividends
1,5,10,12,17,20,27,13,Powerball Draw 1255 dividends
9,10,21,24,25,30,32,19,Powerball Draw 1254 dividends
7,8,9,18,23,30,32,4,Powerball Draw 1253 dividends
3,4,8,22,23,24,31,15,Powerball Draw 1252 dividends
9,12,16,23,26,29,35,10,Powerball Draw 1251 dividends
6,9,17,25,28,32,34,10,Powerball Draw 1250 dividends
3,6,7,14,18,32,35,2,Powerball Draw 1249 dividends
8,12,15,18,19,24,25,18,Powerball Draw 1248 dividends
2,4,12,18,19,27,34,11,Powerball Draw 1247 dividends
1,3,14,17,19,22,26,18,Powerball Draw 1246 dividends
1,12,14,16,21,27,29,7,Powerball Draw 1245 dividends
1,10,11,12,18,20,27,20,Powerball Draw 1244 dividends
10,17,19,20,26,28,33,2,Powerball Draw 1243 dividends
10,16,23,24,27,28,33,12,Powerball Draw 1242 dividends
1,9,16,17,22,24,31,2,Powerball Draw 1241 dividends
1,3,12,13,21,26,31,19,Powerball Draw 1240 dividends
2,5,7,14,25,29,32,3,Powerball Draw 1239 dividends
1,2,3,11,15,26,35,17,Powerball Draw 1238 dividends
5,8,9,17,20,22,35,16,Powerball Draw 1237 dividends
4,5,10,13,23,27,28,4,Powerball Draw 1236 dividends
7,14,16,20,21,25,28,11,Powerball Draw 1235 dividends
3,4,7,9,24,29,31,2,Powerball Draw 1234 dividends
2,3,9,21,25,27,35,4,Powerball Draw 1233 dividends
7,9,12,17,23,26,27,2,Powerball Draw 1232 dividends
4,8,9,10,11,29,32,18,Powerball Draw 1231 dividends
9,11,15,16,18,28,35,9,Powerball Draw 1230 dividends
14,19,20,27,29,30,32,6,Powerball Draw 1229 dividends
4,12,18,20,21,23,30,1,Powerball Draw 1228 dividends
1,2,3,12,13,23,25,1,Powerball Draw 1227 dividends
8,10,20,24,26,28,32,6,Powerball Draw 1226 dividends
3,7,10,12,13,21,33,4,Powerball Draw 1225 dividends
9,10,16,18,22,29,33,8,Powerball Draw 1224 dividends
1,7,11,12,19,24,30,7,Powerball Draw 1223 dividends
2,6,7,9,21,22,25,12,Powerball Draw 1222 dividends
3,6,11,16,27,28,35,10,Powerball Draw 1221 dividends
2,11,15,20,22,25,29,3,Powerball Draw 1220 dividends
9,22,25,26,27,30,33,19,Powerball Draw 1219 dividends
4,5,8,17,18,26,31,9,Powerball Draw 1218 dividends
10,11,20,27,28,30,31,2,Powerball Draw 1217 dividends
2,4,14,16,19,27,29,13,Powerball Draw 1216 dividends
8,9,11,20,22,27,32,20,Powerball Draw 1215 dividends
3,7,10,11,17,26,35,19,Powerball Draw 1214 dividends
7,14,21,24,27,30,35,13,Powerball Draw 1213 dividends
1,5,11,16,17,29,30,8,Powerball Draw 1212 dividends
9,15,22,23,25,30,35,6,Powerball Draw 1211 dividends
1,3,9,11,22,23,24,4,Powerball Draw 1210 dividends
1,6,11,13,16,23,27,11,Powerball Draw 1209 dividends
6,7,8,21,27,28,34,16,Powerball Draw 1208 dividends
2,15,20,21,22,27,28,3,Powerball Draw 1207 dividends
2,7,17,21,27,32,35,7,Powerball Draw 1206 dividends
4,10,14,16,17,19,34,13,Powerball Draw 1205 dividends
1,5,8,11,17,23,25,3,Powerball Draw 1204 dividends
2,7,8,11,31,33,35,20,Powerball Draw 1203 dividends
4,10,14,17,22,31,34,7,Powerball Draw 1202 dividends
6,7,10,16,17,20,30,4,Powerball Draw 1201 dividends
1,11,13,17,24,34,35,19,Powerball Draw 1200 dividends
5,15,17,18,19,26,29,2,Powerball Draw 1199 dividends
2,4,6,8,9,11,33,4,Powerball Draw 1198 dividends
2,5,9,11,23,25,33,6,Powerball Draw 1197 dividends
1,2,4,11,17,21,30,2,Powerball Draw 1196 dividends
8,15,18,19,20,22,32,9,Powerball Draw 1195 dividends
2,12,14,16,21,25,33,4,Powerball Draw 1194 dividends
4,5,25,26,27,30,34,18,Powerball Draw 1193 dividends
3,14,20,27,29,30,31,7,Powerball Draw 1192 dividends
2,5,8,17,20,24,27,6,Powerball Draw 1191 dividends
4,6,9,13,20,23,27,2,Powerball Draw 1190 dividends
2,4,5,7,11,13,14,14,Powerball Draw 1189 dividends
3,4,12,16,21,25,27,8,Powerball Draw 1188 dividends
3,6,10,11,21,23,34,5,Powerball Draw 1187 dividends
6,11,17,20,22,24,32,19,Powerball Draw 1186 dividends
10,19,22,28,29,31,34,10,Powerball Draw 1185 dividends
2,8,17,19,23,29,35,3,Powerball Draw 1184 dividends
4,11,18,20,22,26,33,9,Powerball Draw 1183 dividends
3,7,10,24,28,31,34,14,Powerball Draw 1182 dividends
7,8,11,12,19,25,33,13,Powerball Draw 1181 dividends
5,7,8,9,17,18,29,19,Powerball Draw 1180 dividends
5,9,13,19,20,24,32,15,Powerball Draw 1179 dividends
7,8,15,24,26,28,35,13,Powerball Draw 1178 dividends
3,5,6,14,20,26,33,19,Powerball Draw 1177 dividends
3,5,17,20,22,29,33,12,Powerball Draw 1176 dividends
3,14,17,28,29,33,34,17,Powerball Draw 1175 dividends
2,7,16,18,23,25,29,20,Powerball Draw 1174 dividends
12,15,17,23,29,30,35,10,Powerball Draw 1173 dividends
4,8,11,17,24,30,35,3,Powerball Draw 1172 dividends
9,11,13,25,26,28,29,12,Powerball Draw 1171 dividends
7,10,17,25,29,33,35,5,Powerball Draw 1170 dividends
13,20,21,23,27,30,32,13,Powerball Draw 1169 dividends
3,11,21,22,24,28,32,7,Powerball Draw 1168 dividends
5,10,15,19,21,22,30,3,Powerball Draw 1167 dividends
2,6,8,10,17,20,30,8,Powerball Draw 1166 dividends
1,2,17,19,22,34,35,11,Powerball Draw 1165 dividends
7,14,18,21,23,25,27,20,Powerball Draw 1164 dividends
13,15,19,20,22,28,32,20,Powerball Draw 1163 dividends
2,6,9,14,18,28,29,11,Powerball Draw 1162 dividends
3,13,27,31,32,33,35,3,Powerball Draw 1161 dividends
4,5,10,12,13,18,34,19,Powerball Draw 1160 dividends
1,3,9,17,22,32,34,19,Powerball Draw 1159 dividends
1,7,8,22,28,31,32,15,Powerball Draw 1158 dividends
2,4,22,23,24,25,29,17,Powerball Draw 1157 dividends
4,16,18,23,25,31,32,5,Powerball Draw 1156 dividends
7,20,23,29,32,33,34,16,Powerball Draw 1155 dividends
2,4,7,17,25,28,34,3,Powerball Draw 1154 dividends
2,5,9,13,24,31,35,16,Powerball Draw 1153 dividends
2,6,7,14,16,29,31,15,Powerball Draw 1152 dividends
14,22,23,24,30,32,34,9,Powerball Draw 1151 dividends
8,9,18,27,29,30,32,6,Powerball Draw 1150 dividends
2,12,14,18,19,23,25,17,Powerball Draw 1149 dividends
3,9,16,25,26,31,34,9,Powerball Draw 1148 dividends
6,14,15,24,26,32,35,14,Powerball Draw 1147 dividends
1,3,6,16,19,20,24,13,Powerball Draw 1146 dividends
9,14,15,19,24,34,35,12,Powerball Draw 1145 dividends
4,5,9,13,25,32,33,7,Powerball Draw 1144 dividends
14,16,18,31,32,33,17,Powerball Draw 1143 dividends
5,8,18,22,23,25,10,Powerball Draw 1142 dividends
4,7,8,10,14,16,10,Powerball Draw 1141 dividends
10,17,22,30,35,40,7,Powerball Draw 1140 dividends
1,6,9,18,21,34,15,Powerball Draw 1139 dividends
4,12,22,26,29,37,11,Powerball Draw 1138 dividends
8,16,17,24,30,39,8,Powerball Draw 1137 dividends
11,14,15,16,19,38,8,Powerball Draw 1136 dividends
5,6,12,25,36,37,7,Powerball Draw 1135 dividends
7,10,12,23,33,38,16,Powerball Draw 1134 dividends
20,24,26,27,35,38,3,Powerball Draw 1133 dividends
1,10,13,23,24,40,13,Powerball Draw 1132 dividends
3,8,13,19,35,36,6,Powerball Draw 1131 dividends
5,7,11,32,34,38,12,Powerball Draw 1130 dividends
8,15,19,20,23,24,5,Powerball Draw 1129 dividends
12,28,29,34,35,37,7,Powerball Draw 1128 dividends
7,10,15,27,32,33,9,Powerball Draw 1127 dividends
19,22,28,30,31,40,6,Powerball Draw 1126 dividends
8,11,23,26,34,39,13,Powerball Draw 1125 dividends
21,22,26,31,35,38,10,Powerball Draw 1124 dividends
17,27,33,35,36,39,7,Powerball Draw 1123 dividends
3,6,11,18,33,36,5,Powerball Draw 1122 dividends
15,18,20,27,29,38,20,Powerball Draw 1121 dividends
3,4,23,30,32,33,4,Powerball Draw 1120 dividends
4,15,23,29,34,39,5,Powerball Draw 1119 dividends
8,9,11,17,31,34,16,Powerball Draw 1118 dividends
1,11,15,28,30,32,20,Powerball Draw 1117 dividends
6,7,17,19,33,38,17,Powerball Draw 1116 dividends
1,6,13,14,25,32,7,Powerball Draw 1115 dividends
2,10,17,23,25,26,5,Powerball Draw 1114 dividends
15,25,26,30,31,37,18,Powerball Draw 1113 dividends
3,11,14,24,28,35,3,Powerball Draw 1112 dividends
14,22,25,34,36,38,10,Powerball Draw 1111 dividends
3,6,9,13,30,35,20,Powerball Draw 1110 dividends
4,5,12,26,32,38,6,Powerball Draw 1109 dividends
1,6,8,16,17,20,1,Powerball Draw 1108 dividends
6,9,19,22,30,38,10,Powerball Draw 1107 dividends
4,15,23,27,31,36,16,Powerball Draw 1106 dividends
5,14,15,22,23,25,9,Powerball Draw 1105 dividends
1,9,12,24,28,30,9,Powerball Draw 1104 dividends
10,11,13,19,22,38,20,Powerball Draw 1103 dividends
2,3,5,9,12,19,9,Powerball Draw 1102 dividends
12,17,25,35,36,40,17,Powerball Draw 1101 dividends
6,23,24,28,31,38,12,Powerball Draw 1100 dividends
6,7,10,17,20,25,15,Powerball Draw 1099 dividends
18,19,24,29,32,37,12,Powerball Draw 1098 dividends
4,24,27,32,35,39,13,Powerball Draw 1097 dividends
6,10,17,27,35,39,12,Powerball Draw 1096 dividends
10,19,21,23,26,36,10,Powerball Draw 1095 dividends
4,5,10,15,17,25,2,Powerball Draw 1094 dividends
19,20,24,30,36,38,3,Powerball Draw 1093 dividends
7,13,19,22,27,30,8,Powerball Draw 1092 dividends
1,5,23,26,33,34,10,Powerball Draw 1091 dividends
6,7,17,31,32,34,5,Powerball Draw 1090 dividends
1,5,7,19,28,30,6,Powerball Draw 1089 dividends
5,7,17,31,34,40,18,Powerball Draw 1088 dividends
13,22,27,30,34,40,17,Powerball Draw 1087 dividends
6,9,19,26,27,29,15,Powerball Draw 1086 dividends
9,25,30,34,36,40,11,Powerball Draw 1085 dividends
1,15,16,20,26,29,12,Powerball Draw 1084 dividends
15,22,24,25,26,29,16,Powerball Draw 1083 dividends
11,16,21,23,31,33,2,Powerball Draw 1082 dividends
20,23,28,31,35,40,3,Powerball Draw 1081 dividends
6,8,23,36,38,40,2,Powerball Draw 1080 dividends
10,22,31,32,33,35,19,Powerball Draw 1079 dividends
4,11,14,26,29,36,17,Powerball Draw 1078 dividends
6,8,23,31,36,39,15,Powerball Draw 1077 dividends
3,4,6,24,25,31,13,Powerball Draw 1076 dividends
4,10,16,26,29,39,18,Powerball Draw 1075 dividends
8,13,22,30,36,37,11,Powerball Draw 1074 dividends
3,5,13,20,37,38,14,Powerball Draw 1073 dividends
9,12,23,34,37,38,7,Powerball Draw 1072 dividends
5,12,13,18,25,40,5,Powerball Draw 1071 dividends
4,10,16,24,34,40,11,Powerball Draw 1070 dividends
7,19,23,26,30,37,5,Powerball Draw 1069 dividends
8,22,23,26,35,40,6,Powerball Draw 1068 dividends
2,16,17,21,36,38,7,Powerball Draw 1067 dividends
5,8,12,22,25,34,17,Powerball Draw 1066 dividends
2,6,8,13,31,36,15,Powerball Draw 1065 dividends
9,12,21,32,33,37,18,Powerball Draw 1064 dividends
4,8,18,28,36,39,18,Powerball Draw 1063 dividends
14,16,20,23,28,33,11,Powerball Draw 1062 dividends
2,12,13,27,29,32,12,Powerball Draw 1061 dividends
9,10,17,25,28,31,2,Powerball Draw 1060 dividends
3,11,13,14,18,22,9,Powerball Draw 1059 dividends
12,22,24,25,32,39,11,Powerball Draw 1058 dividends
3,9,18,33,37,40,8,Powerball Draw 1057 dividends
4,7,12,17,24,35,4,Powerball Draw 1056 dividends
3,8,16,17,24,38,5,Powerball Draw 1055 dividends
1,5,21,24,32,36,20,Powerball Draw 1054 dividends
9,12,14,22,30,36,3,Powerball Draw 1053 dividends
6,8,13,26,30,31,1,Powerball Draw 1052 dividends
4,9,14,22,23,32,19,Powerball Draw 1051 dividends
1,4,13,14,31,33,12,Powerball Draw 1050 dividends
8,10,17,35,36,40,13,Powerball Draw 1049 dividends
3,11,17,24,29,37,3,Powerball Draw 1048 dividends
5,7,13,24,31,38,8,Powerball Draw 1047 dividends
2,10,19,25,31,39,6,Powerball Draw 1046 dividends
5,8,15,29,31,35,9,Powerball Draw 1045 dividends
7,11,22,24,26,29,20,Powerball Draw 1044 dividends
8,10,18,19,26,36,5,Powerball Draw 1043 dividends
1,2,11,20,25,38,5,Powerball Draw 1042 dividends
2,8,9,20,24,31,1,Powerball Draw 1041 dividends
8,12,18,19,26,33,6,Powerball Draw 1040 dividends
4,5,7,20,32,40,14,Powerball Draw 1039 dividends
3,5,15,20,34,35,13,Powerball Draw 1038 dividends
19,20,23,31,32,34,11,Powerball Draw 1037 dividends
2,7,16,17,25,32,14,Powerball Draw 1036 dividends
6,7,15,29,34,36,19,Powerball Draw 1035 dividends
4,6,20,22,31,33,18,Powerball Draw 1034 dividends
9,19,20,25,27,32,5,Powerball Draw 1033 dividends
9,13,14,15,32,38,2,Powerball Draw 1032 dividends
9,12,16,18,20,29,17,Powerball Draw 1031 dividends
1,8,21,22,30,33,5,Powerball Draw 1030 dividends
6,10,17,18,20,36,2,Powerball Draw 1029 dividends
2,9,17,29,31,33,9,Powerball Draw 1028 dividends
19,20,22,23,26,36,14,Powerball Draw 1027 dividends
12,19,23,34,36,37,20,Powerball Draw 1026 dividends
4,14,18,20,23,34,18,Powerball Draw 1025 dividends
17,20,26,33,34,37,17,Powerball Draw 1024 dividends
1,8,15,26,32,38,19,Powerball Draw 1023 dividends
2,7,9,23,32,40,9,Powerball Draw 1022 dividends
10,14,17,18,28,35,9,Powerball Draw 1021 dividends
2,7,11,19,21,25,16,Powerball Draw 1020 dividends
3,4,8,17,19,33,9,Powerball Draw 1019 dividends
2,5,13,16,23,38,18,Powerball Draw 1018 dividends
1,3,15,19,26,35,18,Powerball Draw 1017 dividends
13,17,19,20,24,31,19,Powerball Draw 1016 dividends
4,10,23,24,26,34,5,Powerball Draw 1015 dividends
9,12,18,31,35,38,10,Powerball Draw 1014 dividends
6,7,13,20,23,29,18,Powerball Draw 1013 dividends
5,6,13,20,27,35,3,Powerball Draw 1012 dividends
3,5,16,17,27,40,18,Powerball Draw 1011 dividends
7,15,16,21,34,39,5,Powerball Draw 1010 dividends
7,16,21,38,39,40,10,Powerball Draw 1009 dividends
11,12,15,24,29,38,15,Powerball Draw 1008 dividends
3,15,21,30,32,33,17,Powerball Draw 1007 dividends
2,5,6,11,23,28,14,Powerball Draw 1006 dividends
2,3,17,19,20,33,1,Powerball Draw 1005 dividends
1,5,11,12,26,39,14,Powerball Draw 1004 dividends
5,7,16,17,25,26,17,Powerball Draw 1003 dividends
1,3,7,20,21,36,19,Powerball Draw 1002 dividends
3,9,21,25,27,32,18,Powerball Draw 1001 dividends
2,5,11,18,25,39,2,Powerball Draw 1000 dividends
2,17,19,24,27,35,11,Powerball Draw 999 dividends
7,17,23,26,37,39,12,Powerball Draw 998 dividends
1,4,24,25,26,37,19,Powerball Draw 997 dividends
10,15,22,25,34,37,19,Powerball Draw 996 dividends
14,16,17,18,32,35,1,Powerball Draw 995 dividends
3,4,8,16,21,33,8,Powerball Draw 994 dividends
25,26,29,31,37,39,2,Powerball Draw 993 dividends
6,13,14,31,35,40,16,Powerball Draw 992 dividends
5,13,27,29,31,38,1,Powerball Draw 991 dividends
10,19,20,22,32,33,12,Powerball Draw 990 dividends
6,15,18,24,35,37,15,Powerball Draw 989 dividends
2,9,25,27,32,34,8,Powerball Draw 988 dividends
6,8,18,25,27,29,2,Powerball Draw 987 dividends
6,9,17,23,30,37,11,Powerball Draw 986 dividends
5,9,11,23,24,33,13,Powerball Draw 985 dividends
1,10,15,19,25,35,18,Powerball Draw 984 dividends
7,8,14,18,24,35,15,Powerball Draw 983 dividends
4,6,8,23,32,40,1,Powerball Draw 982 dividends
2,4,6,23,28,32,7,Powerball Draw 981 dividends
5,8,18,19,22,36,9,Powerball Draw 980 dividends
3,4,7,27,36,38,11,Powerball Draw 979 dividends
1,3,5,11,28,39,10,Powerball Draw 978 dividends
16,21,22,29,31,36,13,Powerball Draw 977 dividends
3,6,18,32,35,37,2,Powerball Draw 976 dividends
13,17,22,25,38,40,2,Powerball Draw 975 dividends
5,13,20,26,31,37,3,Powerball Draw 974 dividends
2,10,15,32,34,37,5,Powerball Draw 973 dividends
18,24,25,27,32,34,6,Powerball Draw 972 dividends
13,16,19,31,32,38,5,Powerball Draw 971 dividends
14,24,33,35,36,38,2,Powerball Draw 970 dividends
7,9,20,31,32,36,19,Powerball Draw 969 dividends
4,5,6,8,36,39,8,Powerball Draw 968 dividends
3,5,10,22,32,37,13,Powerball Draw 967 dividends
7,24,25,26,36,37,12,Powerball Draw 966 dividends
4,5,7,14,19,28,18,Powerball Draw 965 dividends
5,12,21,27,29,39,19,Powerball Draw 964 dividends
1,4,6,15,30,36,5,Powerball Draw 963 dividends
13,19,22,24,30,39,11,Powerball Draw 962 dividends
4,9,13,18,26,34,3,Powerball Draw 961 dividends
2,24,25,26,29,35,8,Powerball Draw 960 dividends
13,17,18,23,25,27,1,Powerball Draw 959 dividends
9,19,27,31,32,40,1,Powerball Draw 958 dividends
3,10,11,16,34,35,4,Powerball Draw 957 dividends
4,16,18,30,39,40,19,Powerball Draw 956 dividends
2,17,18,24,25,26,6,Powerball Draw 955 dividends
9,11,14,23,26,28,11,Powerball Draw 954 dividends
5,7,8,19,32,40,12,Powerball Draw 953 dividends
1,8,12,26,31,38,6,Powerball Draw 952 dividends
7,12,26,27,31,32,12,Powerball Draw 951 dividends
5,16,23,24,31,37,15,Powerball Draw 950 dividends
1,8,11,15,21,31,20,Powerball Draw 949 dividends
1,6,9,31,38,39,10,Powerball Draw 948 dividends
10,13,15,20,21,33,2,Powerball Draw 947 dividends
26,27,28,31,36,38,15,Powerball Draw 946 dividends
2,9,10,20,32,33,7,Powerball Draw 945 dividends
17,26,30,32,35,40,19,Powerball Draw 944 dividends
6,19,24,29,32,39,7,Powerball Draw 943 dividends
3,6,11,14,17,35,4,Powerball Draw 942 dividends
2,14,15,21,22,32,15,Powerball Draw 941 dividends
3,4,6,12,13,20,1,Powerball Draw 940 dividends
8,30,32,34,35,36,4,Powerball Draw 939 dividends
7,8,13,21,28,34,4,Powerball Draw 938 dividends
5,21,28,33,36,37,2,Powerball Draw 937 dividends
8,15,19,21,33,36,3,Powerball Draw 936 dividends
8,11,16,20,23,29,9,Powerball Draw 935 dividends
21,22,29,36,38,39,12,Powerball Draw 934 dividends
16,18,27,28,29,32,2,Powerball Draw 933 dividends
2,15,19,21,34,39,10,Powerball Draw 932 dividends
11,20,22,27,34,39,6,Powerball Draw 931 dividends
3,4,9,31,37,38,6,Powerball Draw 930 dividends
20,21,24,26,28,38,15,Powerball Draw 929 dividends
1,14,18,22,30,34,17,Powerball Draw 928 dividends
4,6,25,26,29,40,18,Powerball Draw 927 dividends
6,8,11,13,24,34,7,Powerball Draw 926 dividends
3,5,7,10,13,22,15,Powerball Draw 925 dividends
9,13,14,15,29,32,17,Powerball Draw 924 dividends
7,9,14,24,28,31,11,Powerball Draw 923 dividends
19,26,27,33,34,37,20,Powerball Draw 922 dividends
14,18,19,20,24,29,11,Powerball Draw 921 dividends
4,8,13,29,36,38,3,Powerball Draw 920 dividends
3,7,16,25,35,39,13,Powerball Draw 919 dividends
10,11,12,30,32,35,10,Powerball Draw 918 dividends
16,24,33,37,39,40,1,Powerball Draw 917 dividends
4,6,11,16,21,37,3,Powerball Draw 916 dividends
12,18,20,22,23,37,5,Powerball Draw 915 dividends
1,10,16,19,27,34,10,Powerball Draw 914 dividends
5,8,15,16,18,29,19,Powerball Draw 913 dividends
9,13,14,25,27,34,15,Powerball Draw 912 dividends
4,13,17,28,34,36,19,Powerball Draw 911 dividends
2,12,14,20,30,38,15,Powerball Draw 910 dividends
4,8,12,13,19,30,2,Powerball Draw 909 dividends
4,13,19,27,32,39,16,Powerball Draw 908 dividends
9,10,18,30,31,33,10,Powerball Draw 907 dividends
7,9,12,17,23,40,8,Powerball Draw 906 dividends
4,7,9,19,20,29,12,Powerball Draw 905 dividends
5,15,22,29,36,40,4,Powerball Draw 904 dividends
2,10,12,14,16,20,8,Powerball Draw 903 dividends
3,4,6,29,34,39,7,Powerball Draw 902 dividends
6,10,15,24,32,37,11,Powerball Draw 901 dividends
3,9,12,14,23,27,12,Powerball Draw 900 dividends
1,8,20,22,23,25,12,Powerball Draw 899 dividends
4,16,18,23,24,29,8,Powerball Draw 898 dividends
6,7,20,23,28,40,15,Powerball Draw 897 dividends
15,26,29,30,32,36,4,Powerball Draw 896 dividends
9,10,15,21,35,38,9,Powerball Draw 895 dividends
1,8,14,16,17,23,11,Powerball Draw 894 dividends
3,4,10,25,28,32,9,Powerball Draw 893 dividends
5,8,17,19,33,37,14,Powerball Draw 892 dividends
11,12,13,24,25,38,7,Powerball Draw 891 dividends
5,14,16,20,26,29,8,Powerball Draw 890 dividends
10,19,26,29,34,37,16,Powerball Draw 889 dividends
1,6,10,14,26,27,7,Powerball Draw 888 dividends
4,23,24,26,31,40,13,Powerball Draw 887 dividends
2,4,23,26,30,33,4,Powerball Draw 886 dividends
4,10,23,34,37,39,20,Powerball Draw 885 dividends
4,13,17,18,22,26,20,Powerball Draw 884 dividends
20,25,29,32,33,34,2,Powerball Draw 883 dividends
4,7,24,28,35,40,12,Powerball Draw 882 dividends
7,21,34,35,38,39,5,Powerball Draw 881 dividends
2,5,21,26,27,28,19,Powerball Draw 880 dividends
3,22,26,32,34,38,18,Powerball Draw 879 dividends
5,9,23,30,35,37,18,Powerball Draw 878 dividends
8,16,19,25,26,29,5,Powerball Draw 877 dividends
3,5,14,24,44,5,Powerball Draw 876 dividends
9,28,31,38,45,19,Powerball Draw 875 dividends
1,17,31,32,40,16,Powerball Draw 874 dividends
5,15,23,33,44,27,Powerball Draw 873 dividends
4,14,23,24,33,16,Powerball Draw 872 dividends
9,11,14,28,30,37,Powerball Draw 871 dividends
16,22,25,35,37,24,Powerball Draw 870 dividends
7,8,13,25,29,37,Powerball Draw 869 dividends
23,24,26,30,35,32,Powerball Draw 868 dividends
5,7,8,19,20,10,Powerball Draw 867 dividends
11,18,23,29,30,24,Powerball Draw 866 dividends
11,13,18,30,36,45,Powerball Draw 865 dividends
5,19,21,27,33,3,Powerball Draw 864 dividends
3,10,19,35,38,25,Powerball Draw 863 dividends
2,6,11,17,20,21,Powerball Draw 862 dividends
8,16,24,25,37,5,Powerball Draw 861 dividends
2,3,21,22,32,45,Powerball Draw 860 dividends
6,12,16,25,28,10,Powerball Draw 859 dividends
13,18,30,38,42,8,Powerball Draw 858 dividends
7,8,21,30,31,29,Powerball Draw 857 dividends
2,14,21,29,39,28,Powerball Draw 856 dividends
20,26,41,44,45,9,Powerball Draw 855 dividends
2,16,24,31,41,11,Powerball Draw 854 dividends
6,15,22,26,40,13,Powerball Draw 853 dividends
7,10,30,43,44,35,Powerball Draw 852 dividends
13,16,18,26,28,24,Powerball Draw 851 dividends
6,11,13,25,35,3,Powerball Draw 850 dividends
8,9,10,13,22,8,Powerball Draw 849 dividends
7,15,23,28,30,35,Powerball Draw 848 dividends
7,28,32,35,38,42,Powerball Draw 847 dividends
2,7,17,25,28,26,Powerball Draw 846 dividends
7,28,31,32,33,44,Powerball Draw 845 dividends
6,12,31,36,42,31,Powerball Draw 844 dividends
3,8,20,28,36,11,Powerball Draw 843 dividends
16,18,26,37,42,14,Powerball Draw 842 dividends
11,18,19,23,36,37,Powerball Draw 841 dividends
5,23,28,33,39,32,Powerball Draw 840 dividends
12,15,23,27,29,1,Powerball Draw 839 dividends
3,10,16,24,26,19,Powerball Draw 838 dividends
1,5,10,12,27,29,Powerball Draw 837 dividends
4,18,22,27,34,32,Powerball Draw 836 dividends
14,29,35,42,44,11,Powerball Draw 835 dividends
3,6,18,29,37,9,Powerball Draw 834 dividends
1,2,8,19,29,13,Powerball Draw 833 dividends
14,15,23,32,38,12,Powerball Draw 832 dividends
5,7,14,18,42,23,Powerball Draw 831 dividends
11,12,18,20,32,24,Powerball Draw 830 dividends
20,22,36,37,39,44,Powerball Draw 829 dividends
3,4,6,9,41,20,Powerball Draw 828 dividends
2,5,10,29,45,3,Powerball Draw 827 dividends
13,20,23,24,37,25,Powerball Draw 826 dividends
6,17,18,29,33,7,Powerball Draw 825 dividends
37,38,39,42,43,27,Powerball Draw 824 dividends
2,10,14,15,34,27,Powerball Draw 823 dividends
2,5,31,41,43,26,Powerball Draw 822 dividends
9,19,35,37,39,14,Powerball Draw 821 dividends
9,13,29,37,42,29,Powerball Draw 820 dividends
5,13,14,17,23,1,Powerball Draw 819 dividends
3,7,9,22,30,29,Powerball Draw 818 dividends
12,19,23,42,45,42,Powerball Draw 817 dividends
4,12,20,32,39,4,Powerball Draw 816 dividends
2,4,16,31,34,26,Powerball Draw 815 dividends
2,9,17,30,39,27,Powerball Draw 814 dividends
16,23,38,41,45,45,Powerball Draw 813 dividends
20,26,28,36,39,6,Powerball Draw 812 dividends
2,13,30,41,44,5,Powerball Draw 811 dividends
4,11,19,41,43,17,Powerball Draw 810 dividends
4,6,16,20,25,18,Powerball Draw 809 dividends
5,25,30,31,37,33,Powerball Draw 808 dividends
2,5,18,22,44,9,Powerball Draw 807 dividends
6,13,18,35,40,7,Powerball Draw 806 dividends
8,11,14,27,30,22,Powerball Draw 805 dividends
1,12,14,17,24,8,Powerball Draw 804 dividends
6,7,22,23,28,22,Powerball Draw 803 dividends
2,33,36,44,45,18,Powerball Draw 802 dividends
5,11,22,37,45,45,Powerball Draw 801 dividends
5,10,31,36,37,41,Powerball Draw 800 dividends
3,22,24,25,32,10,Powerball Draw 799 dividends
3,23,32,33,36,38,Powerball Draw 798 dividends
14,21,27,28,44,43,Powerball Draw 797 dividends
1,12,21,28,36,24,Powerball Draw 796 dividends
1,8,19,42,45,1,Powerball Draw 795 dividends
8,13,31,34,42,9,Powerball Draw 794 dividends
8,13,26,28,34,23,Powerball Draw 793 dividends
4,5,22,30,32,20,Powerball Draw 792 dividends
2,10,16,36,44,15,Powerball Draw 791 dividends
4,13,19,24,41,7,Powerball Draw 790 dividends
8,22,32,39,43,6,Powerball Draw 789 dividends
6,16,17,23,33,36,Powerball Draw 788 dividends
4,12,14,17,43,25,Powerball Draw 787 dividends
7,10,13,25,38,1,Powerball Draw 786 dividends
12,23,36,44,45,45,Powerball Draw 785 dividends
8,9,15,23,41,11,Powerball Draw 784 dividends
4,14,17,31,40,7,Powerball Draw 783 dividends
2,7,8,16,26,1,Powerball Draw 782 dividends
2,27,31,32,40,25,Powerball Draw 781 dividends
6,15,21,23,28,27,Powerball Draw 780 dividends
13,17,29,38,43,24,Powerball Draw 779 dividends
1,27,32,37,43,28,Powerball Draw 778 dividends
2,5,13,14,42,14,Powerball Draw 777 dividends
2,12,14,30,34,9,Powerball Draw 776 dividends
10,21,35,39,43,23,Powerball Draw 775 dividends
2,5,7,28,34,6,Powerball Draw 774 dividends
2,11,18,23,27,22,Powerball Draw 773 dividends
6,30,34,37,38,41,Powerball Draw 772 dividends
4,11,21,25,43,16,Powerball Draw 771 dividends
5,7,8,21,28,32,Powerball Draw 770 dividends
19,31,36,41,45,25,Powerball Draw 769 dividends
4,7,8,30,43,28,Powerball Draw 768 dividends
10,14,23,27,31,40,Powerball Draw 767 dividends
1,5,22,37,42,40,Powerball Draw 766 dividends
22,24,34,42,44,36,Powerball Draw 765 dividends
1,15,33,34,41,1,Powerball Draw 764 dividends
4,5,25,35,37,39,Powerball Draw 763 dividends
3,14,19,33,44,13,Powerball Draw 762 dividends
7,21,24,32,36,9,Powerball Draw 761 dividends
19,21,24,38,43,40,Powerball Draw 760 dividends
3,11,14,27,31,27,Powerball Draw 759 dividends
10,28,36,37,40,22,Powerball Draw 758 dividends
2,20,22,34,38,5,Powerball Draw 757 dividends
1,5,7,11,24,25,Powerball Draw 756 dividends
1,10,29,31,38,3,Powerball Draw 755 dividends
3,6,8,22,34,3,Powerball Draw 754 dividends
5,17,19,30,35,13,Powerball Draw 753 dividends
3,19,27,35,41,12,Powerball Draw 752 dividends
5,16,17,25,44,22,Powerball Draw 751 dividends
2,4,15,24,30,8,Powerball Draw 750 dividends
1,4,24,25,35,36,Powerball Draw 749 dividends
6,15,17,26,44,27,Powerball Draw 748 dividends
7,12,17,33,35,12,Powerball Draw 747 dividends
23,26,36,39,45,24,Powerball Draw 746 dividends
7,17,27,37,41,34,Powerball Draw 745 dividends
3,5,29,40,41,38,Powerball Draw 744 dividends
3,13,18,21,29,9,Powerball Draw 743 dividends
2,13,18,31,41,29,Powerball Draw 742 dividends
14,27,42,44,45,26,Powerball Draw 741 dividends
26,31,32,39,40,7,Powerball Draw 740 dividends
5,17,39,40,43,41,Powerball Draw 739 dividends
16,27,32,38,45,28,Powerball Draw 738 dividends
11,14,15,16,29,37,Powerball Draw 737 dividends
12,19,20,33,42,8,Powerball Draw 736 dividends
28,31,32,33,43,32,Powerball Draw 735 dividends
2,11,22,28,37,43,Powerball Draw 734 dividends
4,6,7,13,39,17,Powerball Draw 733 dividends
10,18,19,22,25,21,Powerball Draw 732 dividends
7,21,25,33,42,36,Powerball Draw 731 dividends
4,26,30,32,33,28,Powerball Draw 730 dividends
8,17,21,24,42,25,Powerball Draw 729 dividends
13,15,20,44,45,11,Powerball Draw 728 dividends
1,11,13,35,37,17,Powerball Draw 727 dividends
1,2,3,33,35,32,Powerball Draw 726 dividends
10,13,18,29,45,16,Powerball Draw 725 dividends
8,21,24,40,41,12,Powerball Draw 724 dividends
2,3,29,31,35,26,Powerball Draw 723 dividends
11,17,31,32,40,34,Powerball Draw 722 dividends
15,17,36,41,42,27,Powerball Draw 721 dividends
7,11,12,25,29,21,Powerball Draw 720 dividends
1,24,32,33,37,37,Powerball Draw 719 dividends
23,36,37,38,39,43,Powerball Draw 718 dividends
2,11,21,32,40,22,Powerball Draw 717 dividends
5,16,29,35,36,34,Powerball Draw 716 dividends
14,16,21,28,38,34,Powerball Draw 715 dividends
4,8,20,42,44,23,Powerball Draw 714 dividends
13,16,27,31,44,19,Powerball Draw 713 dividends
4,8,30,31,35,27,Powerball Draw 712 dividends
3,6,14,33,36,36,Powerball Draw 711 dividends
6,7,33,35,39,5,Powerball Draw 710 dividends
8,21,37,43,44,17,Powerball Draw 709 dividends
4,24,29,42,44,39,Powerball Draw 708 dividends
4,18,22,29,32,32,Powerball Draw 707 dividends
19,23,35,39,41,33,Powerball Draw 706 dividends
17,27,30,32,37,6,Powerball Draw 705 dividends
2,5,11,15,22,18,Powerball Draw 704 dividends
2,4,5,13,38,15,Powerball Draw 703 dividends
2,10,11,20,45,45,Powerball Draw 702 dividends
9,11,25,30,35,42,Powerball Draw 701 dividends
9,14,18,36,45,43,Powerball Draw 700 dividends
4,24,26,28,29,10,Powerball Draw 699 dividends
8,13,17,26,37,17,Powerball Draw 698 dividends
1,9,28,33,37,17,Powerball Draw 697 dividends
18,22,23,32,41,4,Powerball Draw 696 dividends
1,7,10,15,38,43,Powerball Draw 695 dividends
15,26,31,38,42,31,Powerball Draw 694 dividends
6,7,20,29,30,29,Powerball Draw 693 dividends
1,6,14,34,42,32,Powerball Draw 692 dividends
5,11,23,28,30,34,Powerball Draw 691 dividends
1,21,22,36,45,6,Powerball Draw 690 dividends
13,15,17,21,45,37,Powerball Draw 689 dividends
2,7,12,17,18,43,Powerball Draw 688 dividends
11,17,20,31,40,20,Powerball Draw 687 dividends
6,9,33,34,39,41,Powerball Draw 686 dividends
20,21,26,34,44,15,Powerball Draw 685 dividends
12,23,25,42,43,35,Powerball Draw 684 dividends
1,2,28,32,45,21,Powerball Draw 683 dividends
2,5,20,29,44,6,Powerball Draw 682 dividends
3,13,14,30,33,6,Powerball Draw 681 dividends
9,15,18,29,33,24,Powerball Draw 680 dividends
5,10,22,35,43,32,Powerball Draw 679 dividends
6,13,17,34,41,24,Powerball Draw 678 dividends
16,18,37,38,39,9,Powerball Draw 677 dividends
13,21,25,29,45,28,Powerball Draw 676 dividends
1,11,15,19,32,14,Powerball Draw 675 dividends
24,27,32,41,45,13,Powerball Draw 674 dividends
11,13,26,31,37,6,Powerball Draw 673 dividends
15,22,35,39,44,28,Powerball Draw 672 dividends
13,15,16,29,42,37,Powerball Draw 671 dividends
9,14,20,21,37,21,Powerball Draw 670 dividends
3,11,16,35,44,44,Powerball Draw 669 dividends
10,18,19,22,36,19,Powerball Draw 668 dividends
6,19,36,40,44,44,Powerball Draw 667 dividends
1,19,30,36,44,8,Powerball Draw 666 dividends
10,37,39,41,43,23,Powerball Draw 665 dividends
1,8,22,23,42,32,Powerball Draw 664 dividends
8,18,19,24,26,24,Powerball Draw 663 dividends
4,11,12,13,35,1,Powerball Draw 662 dividends
6,24,33,35,41,23,Powerball Draw 661 dividends
4,14,21,33,43,34,Powerball Draw 660 dividends
14,21,36,39,40,39,Powerball Draw 659 dividends
1,2,3,8,9,26,Powerball Draw 658 dividends
21,26,33,36,37,38,Powerball Draw 657 dividends
6,10,22,23,34,33,Powerball Draw 656 dividends
7,9,12,16,42,24,Powerball Draw 655 dividends
13,25,36,39,41,16,Powerball Draw 654 dividends
3,24,31,40,44,10,Powerball Draw 653 dividends
5,6,16,25,34,31,Powerball Draw 652 dividends
1,15,20,36,37,43,Powerball Draw 651 dividends
7,23,26,32,43,17,Powerball Draw 650 dividends
6,18,20,37,42,3,Powerball Draw 649 dividends
1,6,34,37,38,22,Powerball Draw 648 dividends
2,25,30,36,40,28,Powerball Draw 647 dividends
13,27,34,40,43,25,Powerball Draw 646 dividends
6,13,17,23,40,18,Powerball Draw 645 dividends
2,13,29,30,38,17,Powerball Draw 644 dividends
3,4,9,22,26,10,Powerball Draw 643 dividends
3,8,11,12,32,21,Powerball Draw 642 dividends
5,9,17,18,21,41,Powerball Draw 641 dividends
7,18,21,28,43,37,Powerball Draw 640 dividends
8,10,14,18,39,27,Powerball Draw 639 dividends
8,22,23,30,34,30,Powerball Draw 638 dividends
5,21,35,40,43,8,Powerball Draw 637 dividends
3,11,22,23,31,18,Powerball Draw 636 dividends
5,18,32,37,42,18,Powerball Draw 635 dividends
3,16,18,30,34,15,Powerball Draw 634 dividends
2,13,27,33,36,16,Powerball Draw 633 dividends
10,12,13,24,33,21,Powerball Draw 632 dividends
19,21,31,41,44,18,Powerball Draw 631 dividends
7,10,13,42,45,42,Powerball Draw 630 dividends
2,5,11,21,38,33,Powerball Draw 629 dividends
4,5,6,8,38,7,Powerball Draw 628 dividends
11,14,31,33,42,13,Powerball Draw 627 dividends
1,6,13,20,29,42,Powerball Draw 626 dividends
7,14,17,34,38,21,Powerball Draw 625 dividends
3,8,9,26,28,44,Powerball Draw 624 dividends
10,15,16,24,38,12,Powerball Draw 623 dividends
7,8,14,35,40,26,Powerball Draw 622 dividends
8,16,17,22,40,5,Powerball Draw 621 dividends
21,22,28,32,37,28,Powerball Draw 620 dividends
16,30,40,41,42,30,Powerball Draw 619 dividends
1,8,16,24,32,13,Powerball Draw 618 dividends
12,17,19,25,42,26,Powerball Draw 617 dividends
3,11,19,26,39,42,Powerball Draw 616 dividends
5,16,26,35,44,44,Powerball Draw 615 dividends
15,18,27,34,44,28,Powerball Draw 614 dividends
9,14,19,22,37,3,Powerball Draw 613 dividends
1,13,16,21,45,36,Powerball Draw 612 dividends
4,9,34,39,40,43,Powerball Draw 611 dividends
25,32,35,37,40,13,Powerball Draw 610 dividends
2,17,42,43,44,39,Powerball Draw 609 dividends
3,14,23,30,40,20,Powerball Draw 608 dividends
1,2,15,34,36,8,Powerball Draw 607 dividends
14,22,38,41,44,6,Powerball Draw 606 dividends
18,22,28,33,37,14,Powerball Draw 605 dividends
3,11,16,20,25,37,Powerball Draw 604 dividends
20,22,25,36,44,3,Powerball Draw 603 dividends
2,3,14,30,39,2,Powerball Draw 602 dividends
2,3,20,36,37,29,Powerball Draw 601 dividends
10,25,27,39,41,8,Powerball Draw 600 dividends
15,28,30,38,45,1,Powerball Draw 599 dividends
5,20,22,24,34,39,Powerball Draw 598 dividends
7,23,31,40,41,35,Powerball Draw 597 dividends
4,6,38,39,41,23,Powerball Draw 596 dividends
11,18,22,29,39,21,Powerball Draw 595 dividends
8,17,22,36,39,20,Powerball Draw 594 dividends
1,13,17,22,31,21,Powerball Draw 593 dividends
12,18,36,42,45,13,Powerball Draw 592 dividends
5,8,25,28,29,39,Powerball Draw 591 dividends
8,13,15,24,25,22,Powerball Draw 590 dividends
1,7,19,33,40,36,Powerball Draw 589 dividends
3,14,20,22,38,29,Powerball Draw 588 dividends
9,23,28,29,31,21,Powerball Draw 587 dividends
8,18,24,41,45,29,Powerball Draw 586 dividends
7,13,19,22,24,44,Powerball Draw 585 dividends
2,8,26,40,42,14,Powerball Draw 584 dividends
18,32,37,40,44,29,Powerball Draw 583 dividends
6,22,31,38,39,35,Powerball Draw 582 dividends
19,22,24,25,45,5,Powerball Draw 581 dividends
14,18,22,38,40,40,Powerball Draw 580 dividends
11,15,23,29,34,8,Powerball Draw 579 dividends
7,14,20,28,32,14,Powerball Draw 578 dividends
3,16,21,26,31,42,Powerball Draw 577 dividends
4,14,21,31,33,24,Powerball Draw 576 dividends
24,33,34,36,38,43,Powerball Draw 575 dividends
2,5,18,19,32,14,Powerball Draw 574 dividends
27,34,39,41,44,5,Powerball Draw 573 dividends
8,27,29,36,43,23,Powerball Draw 572 dividends
17,22,24,26,43,7,Powerball Draw 571 dividends
15,17,19,23,25,22,Powerball Draw 570 dividends
2,11,14,33,38,32,Powerball Draw 569 dividends
2,9,12,14,22,19,Powerball Draw 568 dividends
5,18,22,23,31,4,Powerball Draw 567 dividends
2,21,22,26,30,33,Powerball Draw 566 dividends
1,22,30,38,41,5,Powerball Draw 565 dividends
5,30,32,34,45,16,Powerball Draw 564 dividends
5,7,21,32,34,7,Powerball Draw 563 dividends
10,16,17,26,34,19,Powerball Draw 562 dividends
17,24,28,29,33,26,Powerball Draw 561 dividends
1,26,28,40,41,17,Powerball Draw 560 dividends
7,12,27,32,39,38,Powerball Draw 559 dividends
7,13,15,26,27,29,Powerball Draw 558 dividends
5,14,17,27,43,29,Powerball Draw 557 dividends
5,18,38,39,43,36,Powerball Draw 556 dividends
18,19,31,32,43,28,Powerball Draw 555 dividends
13,16,30,33,41,44,Powerball Draw 554 dividends
14,28,30,34,37,15,Powerball Draw 553 dividends
4,18,27,28,30,34,Powerball Draw 552 dividends
5,7,15,19,25,30,Powerball Draw 551 dividends
3,10,21,34,44,44,Powerball Draw 550 dividends
5,8,11,24,31,27,Powerball Draw 549 dividends
4,19,20,43,44,28,Powerball Draw 548 dividends
23,29,40,42,44,31,Powerball Draw 547 dividends
1,31,38,39,45,32,Powerball Draw 546 dividends
10,12,22,29,31,32,Powerball Draw 545 dividends
4,5,7,12,23,29,Powerball Draw 544 dividends
18,32,37,39,44,45,Powerball Draw 543 dividends
1,13,20,39,44,23,Powerball Draw 542 dividends
11,23,29,40,43,24,Powerball Draw 541 dividends
6,23,34,36,42,11,Powerball Draw 540 dividends
4,5,16,24,28,36,Powerball Draw 539 dividends
6,10,24,34,45,36,Powerball Draw 538 dividends
5,11,26,34,44,9,Powerball Draw 537 dividends
10,24,30,31,38,11,Powerball Draw 536 dividends
9,10,18,28,31,15,Powerball Draw 535 dividends
5,9,21,37,43,3,Powerball Draw 534 dividends
20,24,27,30,35,4,Powerball Draw 533 dividends
8,11,12,15,27,14,Powerball Draw 532 dividends
1,2,3,21,38,4,Powerball Draw 531 dividends
14,16,21,22,36,1,Powerball Draw 530 dividends
1,8,15,16,22,34,Powerball Draw 529 dividends
29,31,33,36,38,10,Powerball Draw 528 dividends
1,21,23,34,36,7,Powerball Draw 527 dividends
21,23,30,40,42,2,Powerball Draw 526 dividends
5,6,23,29,45,25,Powerball Draw 525 dividends
13,21,29,37,41,39,Powerball Draw 524 dividends
16,27,33,40,43,33,Powerball Draw 523 dividends
6,12,13,15,45,32,Powerball Draw 522 dividends
1,10,11,18,31,45,Powerball Draw 521 dividends
1,12,16,27,30,24,Powerball Draw 520 dividends
27,35,37,39,42,41,Powerball Draw 519 dividends
5,7,11,21,26,14,Powerball Draw 518 dividends
2,12,30,32,39,8,Powerball Draw 517 dividends
1,2,13,38,45,4,Powerball Draw 516 dividends
17,24,32,33,41,17,Powerball Draw 515 dividends
2,12,13,24,34,13,Powerball Draw 514 dividends
4,8,13,40,44,17,Powerball Draw 513 dividends
9,19,32,34,39,42,Powerball Draw 512 dividends
8,36,40,42,43,16,Powerball Draw 511 dividends
2,9,22,25,42,40,Powerball Draw 510 dividends
10,18,22,28,31,17,Powerball Draw 509 dividends
11,21,33,38,41,22,Powerball Draw 508 dividends
1,4,6,13,36,34,Powerball Draw 507 dividends
2,21,36,40,42,2,Powerball Draw 506 dividends
23,29,30,35,43,35,Powerball Draw 505 dividends
15,31,37,42,44,23,Powerball Draw 504 dividends
6,13,15,39,41,17,Powerball Draw 503 dividends
1,3,30,36,40,20,Powerball Draw 502 dividends
2,10,31,35,36,15,Powerball Draw 501 dividends
9,10,12,34,45,34,Powerball Draw 500 dividends
5,7,11,34,39,9,Powerball Draw 499 dividends
1,2,5,10,17,34,Powerball Draw 498 dividends
3,8,25,39,41,13,Powerball Draw 497 dividends
3,7,9,18,36,7,Powerball Draw 496 dividends
11,12,25,38,42,39,Powerball Draw 495 dividends
2,4,15,25,40,29,Powerball Draw 494 dividends
13,22,27,38,42,39,Powerball Draw 493 dividends
1,2,26,30,40,21,Powerball Draw 492 dividends
15,19,26,33,37,12,Powerball Draw 491 dividends
4,11,29,32,41,1,Powerball Draw 490 dividends
7,10,13,28,31,15,Powerball Draw 489 dividends
26,36,38,40,45,24,Powerball Draw 488 dividends
9,32,38,40,41,24,Powerball Draw 487 dividends
18,22,24,31,36,31,Powerball Draw 486 dividends
8,19,22,29,37,36,Powerball Draw 485 dividends
13,14,22,34,42,28,Powerball Draw 484 dividends
6,7,18,31,44,3,Powerball Draw 483 dividends
3,8,19,38,44,27,Powerball Draw 482 dividends
10,12,17,37,44,4,Powerball Draw 481 dividends
8,15,19,30,42,5,Powerball Draw 480 dividends
10,22,35,36,39,14,Powerball Draw 479 dividends
12,24,37,38,41,9,Powerball Draw 478 dividends
12,22,26,31,42,19,Powerball Draw 477 dividends
2,5,13,36,43,37,Powerball Draw 476 dividends
6,23,27,33,41,28,Powerball Draw 475 dividends
2,6,14,22,41,22,Powerball Draw 474 dividends
7,24,30,34,37,41,Powerball Draw 473 dividends
11,24,27,30,43,1,Powerball Draw 472 dividends
4,16,18,28,33,16,Powerball Draw 471 dividends
14,15,29,33,42,45,Powerball Draw 470 dividends
11,16,30,43,45,7,Powerball Draw 469 dividends
6,7,40,42,45,15,Powerball Draw 468 dividends
12,13,21,28,29,28,Powerball Draw 467 dividends
5,6,14,41,45,7,Powerball Draw 466 dividends
14,23,35,39,41,9,Powerball Draw 465 dividends
9,10,19,34,38,7,Powerball Draw 464 dividends
24,25,32,37,42,10,Powerball Draw 463 dividends
1,11,25,34,42,38,Powerball Draw 462 dividends
7,13,27,28,36,2,Powerball Draw 461 dividends
6,27,28,40,43,25,Powerball Draw 460 dividends
5,6,14,16,35,38,Powerball Draw 459 dividends
7,18,27,30,44,14,Powerball Draw 458 dividends
10,12,17,19,45,41,Powerball Draw 457 dividends
6,7,8,39,45,27,Powerball Draw 456 dividends
5,9,13,17,22,7,Powerball Draw 455 dividends
6,19,22,33,36,15,Powerball Draw 454 dividends
15,27,30,36,42,3,Powerball Draw 453 dividends
2,19,28,34,38,1,Powerball Draw 452 dividends
3,24,29,34,39,15,Powerball Draw 451 dividends
2,16,31,40,45,44,Powerball Draw 450 dividends
3,7,11,33,34,21,Powerball Draw 449 dividends
1,8,35,39,40,32,Powerball Draw 448 dividends
11,18,20,34,39,32,Powerball Draw 447 dividends
8,10,16,21,44,38,Powerball Draw 446 dividends
18,27,31,33,41,39,Powerball Draw 445 dividends
1,9,11,29,40,33,Powerball Draw 444 dividends
5,11,27,28,35,12,Powerball Draw 443 dividends
1,6,8,41,44,43,Powerball Draw 442 dividends
12,18,20,21,29,38,Powerball Draw 441 dividends
1,5,19,22,36,11,Powerball Draw 440 dividends
17,18,32,35,40,2,Powerball Draw 439 dividends
1,2,5,35,43,10,Powerball Draw 438 dividends
1,7,23,30,32,22,Powerball Draw 437 dividends
16,21,24,33,38,31,Powerball Draw 436 dividends
14,26,28,42,43,6,Powerball Draw 435 dividends
16,29,30,34,44,3,Powerball Draw 434 dividends
22,25,26,37,40,5,Powerball Draw 433 dividends
20,23,26,31,39,2,Powerball Draw 432 dividends
14,18,29,32,43,9,Powerball Draw 431 dividends
2,14,29,39,42,30,Powerball Draw 430 dividends
2,11,20,27,39,43,Powerball Draw 429 dividends
5,8,9,19,28,16,Powerball Draw 428 dividends
1,10,21,35,37,29,Powerball Draw 427 dividends
4,9,20,37,40,44,Powerball Draw 426 dividends
11,12,19,25,30,17,Powerball Draw 425 dividends
12,15,21,29,30,29,Powerball Draw 424 dividends
11,18,36,41,45,37,Powerball Draw 423 dividends
2,13,16,21,32,6,Powerball Draw 422 dividends
15,17,19,25,34,30,Powerball Draw 421 dividends
4,11,17,22,36,14,Powerball Draw 420 dividends
3,8,9,24,42,18,Powerball Draw 419 dividends
9,15,29,31,39,25,Powerball Draw 418 dividends
7,23,25,36,45,33,Powerball Draw 417 dividends
11,14,20,26,42,31,Powerball Draw 416 dividends
7,9,17,30,33,45,Powerball Draw 415 dividends
5,9,28,32,34,6,Powerball Draw 414 dividends
4,10,11,25,34,2,Powerball Draw 413 dividends
7,12,31,43,45,7,Powerball Draw 412 dividends
1,25,32,34,39,42,Powerball Draw 411 dividends
5,11,12,21,31,8,Powerball Draw 410 dividends
17,23,31,35,42,24,Powerball Draw 409 dividends
1,4,22,25,37,27,Powerball Draw 408 dividends
5,11,24,28,40,22,Powerball Draw 407 dividends
6,19,26,30,40,23,Powerball Draw 406 dividends
7,11,19,38,44,32,Powerball Draw 405 dividends
3,6,7,24,38,30,Powerball Draw 404 dividends
1,18,19,31,33,19,Powerball Draw 403 dividends
5,6,12,34,45,19,Powerball Draw 402 dividends
4,24,33,34,45,36,Powerball Draw 401 dividends
6,9,17,23,40,28,Powerball Draw 400 dividends
26,27,34,38,42,8,Powerball Draw 399 dividends
1,18,33,36,45,42,Powerball Draw 398 dividends
3,10,18,24,30,9,Powerball Draw 397 dividends
3,22,30,36,40,12,Powerball Draw 396 dividends
2,19,22,27,36,29,Powerball Draw 395 dividends
12,19,31,39,42,43,Powerball Draw 394 dividends
26,35,40,42,43,37,Powerball Draw 393 dividends
4,12,16,26,35,22,Powerball Draw 392 dividends
19,20,29,34,35,5,Powerball Draw 391 dividends
8,36,39,44,45,15,Powerball Draw 390 dividends
3,11,19,28,35,45,Powerball Draw 389 dividends
21,26,29,38,43,4,Powerball Draw 388 dividends
2,12,18,26,42,12,Powerball Draw 387 dividends
6,11,34,37,38,16,Powerball Draw 386 dividends
1,24,30,44,45,13,Powerball Draw 385 dividends
2,14,26,31,33,44,Powerball Draw 384 dividends
19,27,29,39,44,41,Powerball Draw 383 dividends
11,23,25,34,42,10,Powerball Draw 382 dividends
3,5,12,35,45,42,Powerball Draw 381 dividends
5,9,12,13,27,42,Powerball Draw 380 dividends
17,24,26,34,45,36,Powerball Draw 379 dividends
24,30,34,36,42,15,Powerball Draw 378 dividends
4,11,13,32,44,17,Powerball Draw 377 dividends
2,24,25,35,39,36,Powerball Draw 376 dividends
12,17,18,20,33,19,Powerball Draw 375 dividends
9,16,24,25,34,11,Powerball Draw 374 dividends
5,16,17,18,22,17,Powerball Draw 373 dividends
2,4,8,24,32,12,Powerball Draw 372 dividends
6,7,14,31,33,28,Powerball Draw 371 dividends
5,6,16,31,35,38,Powerball Draw 370 dividends
2,4,8,36,43,29,Powerball Draw 369 dividends
1,5,9,25,29,31,Powerball Draw 368 dividends
7,9,10,29,38,42,Powerball Draw 367 dividends
3,34,37,40,41,18,Powerball Draw 366 dividends
4,8,21,33,36,26,Powerball Draw 365 dividends
5,9,19,22,26,7,Powerball Draw 364 dividends
15,24,25,31,38,38,Powerball Draw 363 dividends
13,17,23,33,38,26,Powerball Draw 362 dividends
3,9,21,29,39,4,Powerball Draw 361 dividends
4,6,21,23,44,32,Powerball Draw 360 dividends
1,11,16,41,42,39,Powerball Draw 359 dividends
1,13,14,22,44,18,Powerball Draw 358 dividends
12,14,40,41,43,24,Powerball Draw 357 dividends
4,18,29,30,35,4,Powerball Draw 356 dividends
8,24,37,38,45,11,Powerball Draw 355 dividends
1,6,12,15,39,28,Powerball Draw 354 dividends
4,21,24,26,38,18,Powerball Draw 353 dividends
4,5,10,30,39,25,Powerball Draw 352 dividends
1,23,28,35,42,40,Powerball Draw 351 dividends
3,23,30,31,40,18,Powerball Draw 350 dividends
10,11,19,39,45,8,Powerball Draw 349 dividends
10,23,35,38,45,19,Powerball Draw 348 dividends
13,15,20,24,41,32,Powerball Draw 347 dividends
9,12,28,31,43,6,Powerball Draw 346 dividends
5,8,9,10,26,2,Powerball Draw 345 dividends
8,28,34,39,42,1,Powerball Draw 344 dividends
6,7,10,27,40,40,Powerball Draw 343 dividends
12,16,25,29,37,22,Powerball Draw 342 dividends
6,11,22,23,35,42,Powerball Draw 341 dividends
14,21,40,41,44,16,Powerball Draw 340 dividends
1,30,32,33,36,31,Powerball Draw 339 dividends
8,30,33,35,36,1,Powerball Draw 338 dividends
7,14,16,19,45,24,Powerball Draw 337 dividends
5,21,25,33,45,22,Powerball Draw 336 dividends
4,5,11,27,28,16,Powerball Draw 335 dividends
8,19,28,29,45,22,Powerball Draw 334 dividends
1,4,18,23,32,35,Powerball Draw 333 dividends
6,24,27,38,41,35,Powerball Draw 332 dividends
1,25,34,37,41,40,Powerball Draw 331 dividends
8,22,26,27,32,32,Powerball Draw 330 dividends
8,12,26,39,41,18,Powerball Draw 329 dividends
3,9,21,29,45,11,Powerball Draw 328 dividends
16,18,29,36,39,33,Powerball Draw 327 dividends
6,15,32,36,41,26,Powerball Draw 326 dividends
3,14,16,21,42,3,Powerball Draw 325 dividends
2,13,14,23,31,31,Powerball Draw 324 dividends
33,34,38,39,41,20,Powerball Draw 323 dividends
12,36,37,40,45,19,Powerball Draw 322 dividends
20,26,27,34,41,26,Powerball Draw 321 dividends
10,11,21,36,43,21,Powerball Draw 320 dividends
8,12,20,42,45,1,Powerball Draw 319 dividends
10,16,23,24,33,16,Powerball Draw 318 dividends
9,15,21,22,44,9,Powerball Draw 317 dividends
3,6,30,32,42,37,Powerball Draw 316 dividends
9,15,34,42,45,4,Powerball Draw 315 dividends
12,17,18,19,32,11,Powerball Draw 314 dividends
3,8,13,15,28,40,Powerball Draw 313 dividends
14,23,36,41,43,39,Powerball Draw 312 dividends
5,18,20,24,45,28,Powerball Draw 311 dividends
5,18,27,31,42,25,Powerball Draw 310 dividends
7,18,20,31,34,19,Powerball Draw 309 dividends
6,17,19,25,44,28,Powerball Draw 308 dividends
10,15,29,40,41,23,Powerball Draw 307 dividends
4,32,39,42,44,27,Powerball Draw 306 dividends
1,22,34,36,42,18,Powerball Draw 305 dividends
12,26,28,39,40,2,Powerball Draw 304 dividends
6,20,22,32,44,39,Powerball Draw 303 dividends
7,14,22,37,43,40,Powerball Draw 302 dividends
2,16,19,29,43,5,Powerball Draw 301 dividends
11,15,17,27,40,8,Powerball Draw 300 dividends
21,22,27,34,44,33,Powerball Draw 299 dividends
1,2,4,26,28,33,Powerball Draw 298 dividends
11,23,24,29,32,17,Powerball Draw 297 dividends
4,7,18,21,31,14,Powerball Draw 296 dividends
2,4,13,24,44,15,Powerball Draw 295 dividends
3,6,15,35,43,19,Powerball Draw 294 dividends
2,23,36,38,40,14,Powerball Draw 293 dividends
2,6,15,22,30,4,Powerball Draw 292 dividends
7,18,27,28,38,32,Powerball Draw 291 dividends
1,14,29,30,33,43,Powerball Draw 290 dividends
6,9,15,27,37,35,Powerball Draw 289 dividends
2,4,21,24,28,23,Powerball Draw 288 dividends
4,13,16,22,26,11,Powerball Draw 287 dividends
3,8,13,33,37,26,Powerball Draw 286 dividends
2,5,20,21,38,40,Powerball Draw 285 dividends
3,14,18,23,30,28,Powerball Draw 284 dividends
1,2,7,10,14,44,Powerball Draw 283 dividends
12,19,21,25,44,19,Powerball Draw 282 dividends
7,9,28,36,38,32,Powerball Draw 281 dividends
6,13,20,34,45,33,Powerball Draw 280 dividends
3,5,38,41,45,28,Powerball Draw 279 dividends
8,9,13,23,25,35,Powerball Draw 278 dividends
4,10,21,24,42,7,Powerball Draw 277 dividends
6,19,27,42,44,26,Powerball Draw 276 dividends
13,26,29,31,36,28,Powerball Draw 275 dividends
5,8,29,41,43,45,Powerball Draw 274 dividends
1,15,16,21,41,6,Powerball Draw 273 dividends
4,16,23,25,26,36,Powerball Draw 272 dividends
11,12,25,30,37,30,Powerball Draw 271 dividends
4,13,25,28,37,29,Powerball Draw 270 dividends
35,36,37,40,43,15,Powerball Draw 269 dividends
15,26,43,44,45,15,Powerball Draw 268 dividends
2,13,23,24,35,15,Powerball Draw 267 dividends
6,14,22,37,42,4,Powerball Draw 266 dividends
3,16,24,26,40,19,Powerball Draw 265 dividends
3,27,32,40,41,22,Powerball Draw 264 dividends
5,10,13,14,44,19,Powerball Draw 263 dividends
11,19,20,22,23,45,Powerball Draw 262 dividends
1,5,6,25,34,15,Powerball Draw 261 dividends
7,13,18,40,42,7,Powerball Draw 260 dividends
10,11,28,32,37,3,Powerball Draw 259 dividends
6,19,26,34,40,16,Powerball Draw 258 dividends
29,30,31,37,41,19,Powerball Draw 257 dividends
19,24,33,35,41,9,Powerball Draw 256 dividends
2,13,17,22,33,37,Powerball Draw 255 dividends
8,11,25,33,45,40,Powerball Draw 254 dividends
3,13,16,26,40,16,Powerball Draw 253 dividends
5,19,33,37,41,34,Powerball Draw 252 dividends
3,4,6,19,35,20,Powerball Draw 251 dividends
4,8,19,24,45,34,Powerball Draw 250 dividends
3,8,16,19,43,26,Powerball Draw 249 dividends
15,16,19,27,36,24,Powerball Draw 248 dividends
9,12,36,39,42,18,Powerball Draw 247 dividends
1,7,34,37,44,15,Powerball Draw 246 dividends
3,6,8,13,27,19,Powerball Draw 245 dividends
9,16,23,29,31,44,Powerball Draw 244 dividends
5,24,25,27,34,27,Powerball Draw 243 dividends
13,25,31,36,37,44,Powerball Draw 242 dividends
5,25,33,38,45,21,Powerball Draw 241 dividends
17,21,30,42,43,20,Powerball Draw 240 dividends
6,21,24,26,39,28,Powerball Draw 239 dividends
10,22,23,34,43,18,Powerball Draw 238 dividends
1,13,19,37,43,6,Powerball Draw 237 dividends
4,8,15,32,38,10,Powerball Draw 236 dividends
1,29,36,38,42,37,Powerball Draw 235 dividends
7,12,13,25,40,30,Powerball Draw 234 dividends
9,13,19,36,37,41,Powerball Draw 233 dividends
2,30,35,40,41,24,Powerball Draw 232 dividends
16,24,28,29,31,33,Powerball Draw 231 dividends
8,12,14,24,38,44,Powerball Draw 230 dividends
3,15,18,33,39,45,Powerball Draw 229 dividends
9,12,30,44,45,33,Powerball Draw 228 dividends
21,23,25,27,33,41,Powerball Draw 227 dividends
1,11,15,24,45,17,Powerball Draw 226 dividends
1,24,33,43,44,30,Powerball Draw 225 dividends
10,15,26,37,40,34,Powerball Draw 224 dividends
2,11,15,30,43,30,Powerball Draw 223 dividends
2,15,26,29,41,10,Powerball Draw 222 dividends
2,11,15,21,27,35,Powerball Draw 221 dividends
13,17,32,33,38,40,Powerball Draw 220 dividends
7,16,25,27,44,15,Powerball Draw 219 dividends
18,23,25,38,39,10,Powerball Draw 218 dividends
13,17,29,34,38,4,Powerball Draw 217 dividends
3,11,17,22,27,4,Powerball Draw 216 dividends
3,9,21,24,30,27,Powerball Draw 215 dividends
14,21,35,43,44,38,Powerball Draw 214 dividends
13,15,39,40,45,26,Powerball Draw 213 dividends
5,13,20,26,31,2,Powerball Draw 212 dividends
12,20,34,39,45,34,Powerball Draw 211 dividends
7,17,20,24,26,31,Powerball Draw 210 dividends
1,2,23,30,44,12,Powerball Draw 209 dividends
10,17,19,21,37,2,Powerball Draw 208 dividends
3,21,34,35,38,30,Powerball Draw 207 dividends
22,33,37,39,45,7,Powerball Draw 206 dividends
1,14,15,20,25,3,Powerball Draw 205 dividends
5,13,23,31,44,45,Powerball Draw 204 dividends
14,17,25,27,38,40,Powerball Draw 203 dividends
4,28,30,33,42,17,Powerball Draw 202 dividends
8,17,18,26,29,20,Powerball Draw 201 dividends
3,6,16,29,44,32,Powerball Draw 200 dividends
8,13,32,39,45,26,Powerball Draw 199 dividends
3,11,13,19,38,35,Powerball Draw 198 dividends
6,26,28,42,44,8,Powerball Draw 197 dividends
5,9,12,40,45,10,Powerball Draw 196 dividends
12,14,17,24,39,36,Powerball Draw 195 dividends
8,16,17,27,29,2,Powerball Draw 194 dividends
7,15,17,23,40,28,Powerball Draw 193 dividends
4,7,10,25,36,5,Powerball Draw 192 dividends
15,19,24,28,39,15,Powerball Draw 191 dividends
2,7,8,27,45,16,Powerball Draw 190 dividends
23,26,37,41,44,33,Powerball Draw 189 dividends
25,35,37,41,45,45,Powerball Draw 188 dividends
1,14,15,17,43,18,Powerball Draw 187 dividends
13,31,33,35,45,31,Powerball Draw 186 dividends
8,20,30,36,39,39,Powerball Draw 185 dividends
3,8,15,29,31,31,Powerball Draw 184 dividends
5,9,33,35,38,29,Powerball Draw 183 dividends
12,15,17,22,24,26,Powerball Draw 182 dividends
4,17,27,28,29,43,Powerball Draw 181 dividends
16,18,23,34,35,13,Powerball Draw 180 dividends
5,16,17,32,33,27,Powerball Draw 179 dividends
7,18,22,26,35,11,Powerball Draw 178 dividends
11,19,22,30,32,19,Powerball Draw 177 dividends
5,14,16,20,29,45,Powerball Draw 176 dividends
19,20,26,39,45,18,Powerball Draw 175 dividends
5,7,16,18,43,6,Powerball Draw 174 dividends
4,19,22,33,40,28,Powerball Draw 173 dividends
2,3,37,41,44,11,Powerball Draw 172 dividends
16,31,39,43,44,40,Powerball Draw 171 dividends
11,23,35,39,45,4,Powerball Draw 170 dividends
12,17,20,30,41,37,Powerball Draw 169 dividends
14,15,23,24,25,3,Powerball Draw 168 dividends
2,13,16,17,34,31,Powerball Draw 167 dividends
26,29,30,44,45,45,Powerball Draw 166 dividends
7,27,32,33,35,26,Powerball Draw 165 dividends
2,12,19,22,28,43,Powerball Draw 164 dividends
12,16,20,23,30,16,Powerball Draw 163 dividends
2,10,27,28,38,20,Powerball Draw 162 dividends
5,15,39,40,43,20,Powerball Draw 161 dividends
2,7,12,20,41,13,Powerball Draw 160 dividends
5,8,12,33,45,14,Powerball Draw 159 dividends
1,9,23,25,41,23,Powerball Draw 158 dividends
2,33,37,39,43,3,Powerball Draw 157 dividends
9,10,33,34,45,6,Powerball Draw 156 dividends
12,18,23,24,25,39,Powerball Draw 155 dividends
1,15,18,28,34,45,Powerball Draw 154 dividends
7,18,26,31,41,6,Powerball Draw 153 dividends
2,6,9,10,29,2,Powerball Draw 152 dividends
6,20,23,28,37,44,Powerball Draw 151 dividends
7,18,27,37,44,39,Powerball Draw 150 dividends
6,9,13,16,44,42,Powerball Draw 149 dividends
34,38,39,41,43,29,Powerball Draw 148 dividends
8,11,21,35,40,24,Powerball Draw 147 dividends
4,9,14,35,41,6,Powerball Draw 146 dividends
8,16,17,18,33,39,Powerball Draw 145 dividends
7,13,22,43,45,33,Powerball Draw 144 dividends
11,17,23,34,40,26,Powerball Draw 143 dividends
18,25,29,35,42,12,Powerball Draw 142 dividends
3,4,15,33,41,44,Powerball Draw 141 dividends
5,18,20,24,41,24,Powerball Draw 140 dividends
1,16,26,32,39,26,Powerball Draw 139 dividends
1,4,18,28,40,6,Powerball Draw 138 dividends
4,19,27,31,41,39,Powerball Draw 137 dividends
8,20,27,39,40,4,Powerball Draw 136 dividends
7,12,36,37,45,13,Powerball Draw 135 dividends
4,7,12,20,31,41,Powerball Draw 134 dividends
10,22,25,29,41,38,Powerball Draw 133 dividends
11,15,24,25,28,33,Powerball Draw 132 dividends
7,10,12,20,42,18,Powerball Draw 131 dividends
8,18,20,31,38,19,Powerball Draw 130 dividends
5,15,35,38,39,12,Powerball Draw 129 dividends
10,25,33,34,42,33,Powerball Draw 128 dividends
7,17,32,40,45,44,Powerball Draw 127 dividends
12,22,28,35,44,42,Powerball Draw 126 dividends
3,10,19,24,37,5,Powerball Draw 125 dividends
4,11,16,30,36,38,Powerball Draw 124 dividends
1,14,15,17,34,14,Powerball Draw 123 dividends
25,33,34,37,38,1,Powerball Draw 122 dividends
1,14,19,20,32,18,Powerball Draw 121 dividends
6,7,22,31,41,10,Powerball Draw 120 dividends
16,19,28,31,41,45,Powerball Draw 119 dividends
11,16,17,42,45,14,Powerball Draw 118 dividends
15,17,20,27,28,4,Powerball Draw 117 dividends
5,24,26,27,39,28,Powerball Draw 116 dividends
3,11,20,27,37,34,Powerball Draw 115 dividends
14,17,21,32,42,24,Powerball Draw 114 dividends
20,22,33,37,44,18,Powerball Draw 113 dividends
5,20,21,27,41,38,Powerball Draw 112 dividends
8,14,26,33,35,15,Powerball Draw 111 dividends
4,8,29,40,41,37,Powerball Draw 110 dividends
9,11,19,31,38,39,Powerball Draw 109 dividends
3,24,28,30,44,25,Powerball Draw 108 dividends
14,28,31,32,44,31,Powerball Draw 107 dividends
11,25,37,38,41,20,Powerball Draw 106 dividends
3,4,10,22,33,45,Powerball Draw 105 dividends
1,5,24,27,29,34,Powerball Draw 104 dividends
9,10,28,41,42,27,Powerball Draw 103 dividends
11,22,32,34,42,21,Powerball Draw 102 dividends
2,3,9,27,35,3,Powerball Draw 101 dividends
9,21,28,38,44,32,Powerball Draw 100 dividends
19,21,22,25,31,20,Powerball Draw 99 dividends
2,8,17,38,42,25,Powerball Draw 98 dividends
7,18,19,25,31,31,Powerball Draw 97 dividends
4,9,12,32,40,1,Powerball Draw 96 dividends
8,20,28,34,39,1,Powerball Draw 95 dividends
9,14,16,17,19,23,Powerball Draw 94 dividends
12,21,22,29,45,24,Powerball Draw 93 dividends
9,10,14,20,39,18,Powerball Draw 92 dividends
9,17,19,20,39,44,Powerball Draw 91 dividends
6,12,16,21,26,32,Powerball Draw 90 dividends
2,12,13,28,43,26,Powerball Draw 89 dividends
5,11,12,34,40,7,Powerball Draw 88 dividends
4,13,15,21,30,10,Powerball Draw 87 dividends
2,15,16,31,32,26,Powerball Draw 86 dividends
8,11,15,19,20,43,Powerball Draw 85 dividends
7,15,22,35,40,45,Powerball Draw 84 dividends
10,16,17,22,32,43,Powerball Draw 83 dividends
3,10,14,23,44,7,Powerball Draw 82 dividends
3,5,12,31,44,29,Powerball Draw 81 dividends
4,5,7,22,41,24,Powerball Draw 80 dividends
9,27,35,37,43,3,Powerball Draw 79 dividends
5,13,15,19,33,11,Powerball Draw 78 dividends
2,3,4,32,39,44,Powerball Draw 77 dividends
8,10,20,22,28,43,Powerball Draw 76 dividends
7,12,39,41,45,34,Powerball Draw 75 dividends
1,15,22,38,45,38,Powerball Draw 74 dividends
6,14,15,18,23,25,Powerball Draw 73 dividends
8,14,35,37,39,32,Powerball Draw 72 dividends
13,18,21,31,38,30,Powerball Draw 71 dividends
22,29,30,33,45,10,Powerball Draw 70 dividends
7,9,30,33,43,8,Powerball Draw 69 dividends
1,2,12,35,39,40,Powerball Draw 68 dividends
5,6,29,36,37,12,Powerball Draw 67 dividends
7,14,16,36,41,29,Powerball Draw 66 dividends
2,5,7,36,38,27,Powerball Draw 65 dividends
2,35,36,37,38,39,Powerball Draw 64 dividends
7,12,25,37,40,22,Powerball Draw 63 dividends
10,13,19,23,25,22,Powerball Draw 62 dividends
16,21,38,40,43,33,Powerball Draw 61 dividends
20,21,26,28,36,19,Powerball Draw 60 dividends
21,22,24,30,42,31,Powerball Draw 59 dividends
5,12,23,27,36,4,Powerball Draw 58 dividends
4,13,25,28,36,27,Powerball Draw 57 dividends
1,4,5,34,45,21,Powerball Draw 56 dividends
23,24,27,39,44,11,Powerball Draw 55 dividends
3,8,10,14,26,37,Powerball Draw 54 dividends
4,5,7,25,34,32,Powerball Draw 53 dividends
9,18,21,29,32,10,Powerball Draw 52 dividends
2,17,22,41,45,18,Powerball Draw 51 dividends
12,19,29,39,44,17,Powerball Draw 50 dividends
18,33,35,38,39,24,Powerball Draw 49 dividends
3,5,23,29,38,8,Powerball Draw 48 dividends
11,14,17,26,44,1,Powerball Draw 47 dividends
7,8,10,32,43,38,Powerball Draw 46 dividends
9,15,29,35,37,43,Powerball Draw 45 dividends
14,20,24,28,29,42,Powerball Draw 44 dividends
13,17,20,26,42,8,Powerball Draw 43 dividends
1,11,28,34,38,27,Powerball Draw 42 dividends
20,21,32,33,40,24,Powerball Draw 41 dividends
9,20,24,40,43,33,Powerball Draw 40 dividends
6,15,17,39,43,5,Powerball Draw 39 dividends
6,10,19,25,29,31,Powerball Draw 38 dividends
3,5,13,19,33,23,Powerball Draw 37 dividends
7,18,21,27,37,1,Powerball Draw 36 dividends
1,5,17,28,39,30,Powerball Draw 35 dividends
7,22,39,41,43,38,Powerball Draw 34 dividends
1,11,16,22,24,26,Powerball Draw 33 dividends
5,8,15,19,24,3,Powerball Draw 32 dividends
6,10,12,22,27,38,Powerball Draw 31 dividends
2,8,13,22,35,42,Powerball Draw 30 dividends
5,6,17,20,30,13,Powerball Draw 29 dividends
5,20,24,30,36,19,Powerball Draw 28 dividends
2,18,24,27,42,12,Powerball Draw 27 dividends
3,10,30,42,43,12,Powerball Draw 26 dividends
4,19,21,23,36,23,Powerball Draw 25 dividends
4,5,19,42,45,26,Powerball Draw 24 dividends
15,24,26,34,43,7,Powerball Draw 23 dividends
6,9,17,23,28,45,Powerball Draw 22 dividends
6,10,15,18,35,16,Powerball Draw 21 dividends
9,14,26,35,45,36,Powerball Draw 20 dividends
2,15,26,36,45,17,Powerball Draw 19 dividends
9,18,21,29,30,34,Powerball Draw 18 dividends
3,6,8,27,45,33,Powerball Draw 17 dividends
6,16,22,29,41,35,Powerball Draw 16 dividends
5,8,11,20,31,4,Powerball Draw 15 dividends
5,8,9,24,42,4,Powerball Draw 14 dividends
7,14,22,33,42,17,Powerball Draw 13 dividends
22,25,36,41,44,7,Powerball Draw 12 dividends
2,19,25,30,36,32,Powerball Draw 11 dividends
4,9,11,23,43,24,Powerball Draw 10 dividends
9,12,14,23,43,2,Powerball Draw 9 dividends
14,26,28,38,40,29,Powerball Draw 8 dividends
3,7,12,16,34,1,Powerball Draw 7 dividends
1,3,10,35,41,45,Powerball Draw 6 dividends
3,15,30,33,39,39,Powerball Draw 5 dividends
25,37,40,42,43,17,Powerball Draw 4 dividends
4,32,33,36,40,44,Powerball Draw 3 dividends
6,8,15,23,44,5,Powerball Draw 2 dividends
2,8,27,30,42,3,Powerball Draw 1 dividends
