10,11,28,33,35,5,7,1,Powerball Draw 1482 dividends
10,11,13,15,16,18,34,2,Powerball Draw 1481 dividends
9,10,12,15,20,29,30,16,Powerball Draw 1480 dividends
4,7,9,10,12,24,32,15,Powerball Draw 1479 dividends
9,12,22,24,31,32,34,10,Powerball Draw 1478 dividends
3,7,13,18,21,25,32,18,Powerball Draw 1477 dividends
6,9,12,15,20,21,34,15,Powerball Draw 1476 dividends
4,10,11,16,18,23,24,6,Powerball Draw 1475 dividends
1,8,11,12,16,18,28,15,Powerball Draw 1474 dividends
4,7,8,20,23,29,32,17,Powerball Draw 1473 dividends
2,6,8,10,21,27,30,9,Powerball Draw 1472 dividends
5,6,7,8,12,16,17,13,Powerball Draw 1471 dividends
4,6,16,18,20,28,31,6,Powerball Draw 1470 dividends
9,12,16,17,19,20,22,9,Powerball Draw 1469 dividends
6,8,9,12,13,21,30,4,Powerball Draw 1468 dividends
5,8,9,12,18,33,34,6,Powerball Draw 1467 dividends
1,11,17,20,23,30,32,16,Powerball Draw 1466 dividends
2,6,9,17,25,26,32,4,Powerball Draw 1465 dividends
2,3,5,14,18,20,30,4,Powerball Draw 1464 dividends
2,3,10,20,22,33,35,9,Powerball Draw 1463 dividends
4,6,8,18,28,29,34,11,Powerball Draw 1462 dividends
1,2,9,12,13,14,18,3,Powerball Draw 1461 dividends
1,3,6,12,16,18,32,4,Powerball Draw 1460 dividends
2,4,5,7,13,23,25,16,Powerball Draw 1459 dividends
3,17,20,28,29,32,34,18,Powerball Draw 1458 dividends
9,18,22,23,31,34,35,1,Powerball Draw 1457 dividends
4,6,20,21,24,25,30,2,Powerball Draw 1456 dividends
1,7,10,19,20,25,31,11,Powerball Draw 1455 dividends
6,9,15,18,19,29,34,4,Powerball Draw 1454 dividends
3,7,10,12,13,24,25,11,Powerball Draw 1453 dividends
5,15,24,27,30,32,35,2,Powerball Draw 1452 dividends
2,4,6,8,20,24,30,10,Powerball Draw 1451 dividends
3,5,13,24,25,31,33,17,Powerball Draw 1450 dividends
5,6,7,12,27,28,33,4,Powerball Draw 1449 dividends
5,10,15,18,19,34,35,20,Powerball Draw 1448 dividends
6,7,12,16,20,25,26,2,Powerball Draw 1447 dividends
1,12,23,26,32,33,35,10,Powerball Draw 1446 dividends
1,4,6,9,21,26,27,10,Powerball Draw 1445 dividends
17,20,21,22,24,31,34,6,Powerball Draw 1444 dividends
2,5,16,25,30,32,34,7,Powerball Draw 1443 dividends
21,22,27,30,31,33,34,4,Powerball Draw 1442 dividends
9,11,15,16,24,27,35,1,Powerball Draw 1441 dividends
13,14,20,22,25,34,35,12,Powerball Draw 1440 dividends
2,4,6,8,18,22,30,2,Powerball Draw 1439 dividends
4,6,15,17,23,31,33,15,Powerball Draw 1438 dividends
1,2,11,19,23,30,34,4,Powerball Draw 1437 dividends
4,7,23,31,32,33,35,5,Powerball Draw 1436 dividends
1,7,8,11,29,31,32,16,Powerball Draw 1435 dividends
5,15,23,29,30,34,35,2,Powerball Draw 1434 dividends
6,8,11,12,22,23,30,15,Powerball Draw 1433 dividends
4,9,11,16,22,31,35,20,Powerball Draw 1432 dividends
1,3,4,6,7,24,26,18,Powerball Draw 1431 dividends
1,6,10,20,21,31,35,13,Powerball Draw 1430 dividends
3,4,8,11,14,19,22,5,Powerball Draw 1429 dividends
2,3,14,15,26,27,28,19,Powerball Draw 1428 dividends
4,10,12,13,18,20,23,5,Powerball Draw 1427 dividends
2,5,6,10,17,19,31,10,Powerball Draw 1426 dividends
11,14,18,20,24,27,29,19,Powerball Draw 1425 dividends
6,10,14,27,31,32,35,6,Powerball Draw 1424 dividends
3,8,11,17,18,20,33,7,Powerball Draw 1423 dividends
10,12,17,21,24,26,30,10,Powerball Draw 1422 dividends
9,10,11,16,18,23,24,9,Powerball Draw 1421 dividends
1,7,13,18,23,25,33,7,Powerball Draw 1420 dividends
4,14,16,18,19,22,33,18,Powerball Draw 1419 dividends
4,7,9,14,27,29,32,17,Powerball Draw 1418 dividends
3,11,17,19,27,29,30,15,Powerball Draw 1417 dividends
7,10,12,16,17,20,28,20,Powerball Draw 1416 dividends
1,3,5,8,18,24,28,2,Powerball Draw 1415 dividends
3,4,5,6,14,22,23,17,Powerball Draw 1414 dividends
2,9,11,13,20,25,31,2,Powerball Draw 1413 dividends
12,15,17,20,21,22,28,11,Powerball Draw 1412 dividends
6,14,19,23,28,31,34,3,Powerball Draw 1411 dividends
8,12,17,20,27,29,30,6,Powerball Draw 1410 dividends
3,6,7,11,19,20,33,18,Powerball Draw 1409 dividends
3,8,9,12,15,18,28,14,Powerball Draw 1408 dividends
2,13,18,20,31,34,35,9,Powerball Draw 1407 dividends
6,16,19,27,28,30,33,17,Powerball Draw 1406 dividends
1,12,13,18,24,30,32,6,Powerball Draw 1405 dividends
5,12,15,19,27,29,33,4,Powerball Draw 1404 dividends
6,12,17,21,24,30,33,10,Powerball Draw 1403 dividends
5,6,7,11,12,13,35,15,Powerball Draw 1402 dividends
4,5,7,18,19,25,26,15,Powerball Draw 1401 dividends
3,17,22,28,29,32,34,18,Powerball Draw 1400 dividends
7,10,17,20,27,30,33,1,Powerball Draw 1399 dividends
13,14,16,18,19,21,29,18,Powerball Draw 1398 dividends
3,5,6,11,24,26,30,9,Powerball Draw 1397 dividends
5,8,12,13,20,21,35,8,Powerball Draw 1396 dividends
3,8,11,16,28,32,35,13,Powerball Draw 1395 dividends
2,7,15,21,24,31,35,18,Powerball Draw 1394 dividends
1,15,21,28,30,31,33,16,Powerball Draw 1393 dividends
3,19,21,30,32,34,35,1,Powerball Draw 1392 dividends
3,10,18,22,29,30,34,5,Powerball Draw 1391 dividends
5,7,9,13,21,27,35,6,Powerball Draw 1390 dividends
4,6,9,22,23,24,26,18,Powerball Draw 1389 dividends
5,7,18,21,23,28,31,4,Powerball Draw 1388 dividends
1,7,19,21,22,26,34,2,Powerball Draw 1387 dividends
4,10,14,18,19,21,35,11,Powerball Draw 1386 dividends
2,4,5,7,8,29,34,15,Powerball Draw 1385 dividends
6,9,14,25,27,31,33,15,Powerball Draw 1384 dividends
1,5,6,7,14,19,33,17,Powerball Draw 1383 dividends
3,5,14,15,17,22,32,7,Powerball Draw 1382 dividends
2,6,8,12,22,24,32,2,Powerball Draw 1381 dividends
2,4,7,10,12,18,34,7,Powerball Draw 1380 dividends
6,11,14,17,24,25,33,18,Powerball Draw 1379 dividends
1,13,16,18,25,31,35,2,Powerball Draw 1378 dividends
3,4,6,14,17,28,35,10,Powerball Draw 1377 dividends
9,12,15,16,19,20,35,4,Powerball Draw 1376 dividends
10,15,21,24,26,28,35,8,Powerball Draw 1375 dividends
2,9,10,13,22,31,35,15,Powerball Draw 1374 dividends
13,15,21,23,25,30,31,10,Powerball Draw 1373 dividends
3,4,10,12,15,26,34,20,Powerball Draw 1372 dividends
4,8,12,16,25,31,32,17,Powerball Draw 1371 dividends
1,2,4,20,22,23,27,20,Powerball Draw 1370 dividends
5,9,18,22,23,28,30,3,Powerball Draw 1369 dividends
6,11,13,17,21,23,32,15,Powerball Draw 1368 dividends
5,9,10,19,23,24,34,13,Powerball Draw 1367 dividends
2,7,8,9,24,25,26,9,Powerball Draw 1366 dividends
1,6,17,20,26,33,35,5,Powerball Draw 1365 dividends
3,6,13,14,16,28,30,11,Powerball Draw 1364 dividends
1,6,11,16,17,22,29,2,Powerball Draw 1363 dividends
2,7,9,10,22,31,35,19,Powerball Draw 1362 dividends
3,6,12,15,18,28,29,15,Powerball Draw 1361 dividends
2,3,6,13,20,23,34,12,Powerball Draw 1360 dividends
6,8,11,15,21,31,33,7,Powerball Draw 1359 dividends
10,13,16,19,21,25,33,18,Powerball Draw 1358 dividends
5,8,11,15,27,28,34,3,Powerball Draw 1357 dividends
4,7,9,14,16,18,22,10,Powerball Draw 1356 dividends
2,12,16,17,26,30,35,19,Powerball Draw 1355 dividends
1,7,12,16,19,24,25,7,Powerball Draw 1354 dividends
15,17,19,22,25,28,29,6,Powerball Draw 1353 dividends
2,3,5,11,14,20,31,4,Powerball Draw 1352 dividends
3,5,7,10,15,30,34,12,Powerball Draw 1351 dividends
6,10,13,26,27,28,34,11,Powerball Draw 1350 dividends
4,5,9,21,23,28,32,20,Powerball Draw 1349 dividends
2,7,13,17,19,23,25,13,Powerball Draw 1348 dividends
5,13,15,16,19,29,35,16,Powerball Draw 1347 dividends
2,4,12,18,24,27,28,4,Powerball Draw 1346 dividends
6,9,15,27,28,32,33,8,Powerball Draw 1345 dividends
6,7,13,22,24,30,34,10,Powerball Draw 1344 dividends
3,5,16,19,26,31,32,6,Powerball Draw 1343 dividends
11,16,18,21,22,26,31,8,Powerball Draw 1342 dividends
4,10,15,25,27,28,32,18,Powerball Draw 1341 dividends
11,14,25,26,31,34,35,1,Powerball Draw 1340 dividends
2,9,13,24,28,29,33,13,Powerball Draw 1339 dividends
5,15,20,27,28,29,34,8,Powerball Draw 1338 dividends
16,18,19,23,26,32,35,10,Powerball Draw 1337 dividends
3,10,13,16,20,29,33,19,Powerball Draw 1336 dividends
3,18,25,30,32,33,34,6,Powerball Draw 1335 dividends
4,9,14,25,28,29,34,3,Powerball Draw 1334 dividends
4,5,19,26,27,30,33,8,Powerball Draw 1333 dividends
3,9,16,17,21,22,34,9,Powerball Draw 1332 dividends
1,3,5,8,13,19,34,11,Powerball Draw 1331 dividends
1,2,3,4,15,17,20,16,Powerball Draw 1330 dividends
8,12,15,18,27,30,34,8,Powerball Draw 1329 dividends
9,10,14,15,23,26,29,3,Powerball Draw 1328 dividends
2,7,11,17,27,28,30,11,Powerball Draw 1327 dividends
12,17,20,22,23,27,32,17,Powerball Draw 1326 dividends
4,13,18,25,27,29,34,13,Powerball Draw 1325 dividends
2,7,14,18,24,25,27,20,Powerball Draw 1324 dividends
3,8,10,14,21,23,24,5,Powerball Draw 1323 dividends
1,8,9,22,30,31,32,9,Powerball Draw 1322 dividends
2,3,6,8,17,20,23,2,Powerball Draw 1321 dividends
4,5,12,14,17,25,28,10,Powerball Draw 1320 dividends
10,11,14,25,27,28,32,6,Powerball Draw 1319 dividends
2,7,8,9,10,26,30,3,Powerball Draw 1318 dividends
4,10,17,19,21,23,26,7,Powerball Draw 1317 dividends
7,10,11,12,16,21,25,18,Powerball Draw 1316 dividends
4,7,22,23,26,33,35,17,Powerball Draw 1315 dividends
13,15,16,20,25,28,29,11,Powerball Draw 1314 dividends
3,11,16,17,25,26,32,2,Powerball Draw 1313 dividends
7,8,9,15,17,19,32,6,Powerball Draw 1312 dividends
11,13,16,17,18,19,20,15,Powerball Draw 1311 dividends
8,13,21,28,30,31,33,15,Powerball Draw 1310 dividends
4,10,12,13,20,26,34,1,Powerball Draw 1309 dividends
2,13,15,24,25,32,35,16,Powerball Draw 1308 dividends
1,11,12,14,17,19,28,11,Powerball Draw 1307 dividends
2,5,6,10,12,24,25,20,Powerball Draw 1306 dividends
2,5,7,8,11,14,18,19,Powerball Draw 1305 dividends
5,7,8,11,12,19,25,20,Powerball Draw 1304 dividends
10,14,16,21,23,25,34,9,Powerball Draw 1303 dividends
3,10,14,15,23,30,35,15,Powerball Draw 1302 dividends
10,17,19,21,26,31,35,1,Powerball Draw 1301 dividends
1,5,9,12,17,19,24,3,Powerball Draw 1300 dividends
3,4,12,13,14,21,24,6,Powerball Draw 1299 dividends
1,7,13,23,25,26,27,15,Powerball Draw 1298 dividends
10,12,14,15,16,21,25,5,Powerball Draw 1297 dividends
6,16,18,29,30,33,35,4,Powerball Draw 1296 dividends
1,8,14,17,19,21,26,20,Powerball Draw 1295 dividends
1,6,7,18,22,28,33,4,Powerball Draw 1294 dividends
11,17,19,20,23,25,33,3,Powerball Draw 1293 dividends
3,13,16,19,22,25,30,10,Powerball Draw 1292 dividends
1,7,16,20,26,29,32,14,Powerball Draw 1291 dividends
2,6,18,29,30,33,34,8,Powerball Draw 1290 dividends
6,10,12,13,16,20,30,11,Powerball Draw 1289 dividends
6,15,19,22,27,29,35,14,Powerball Draw 1288 dividends
1,2,17,20,26,27,31,14,Powerball Draw 1287 dividends
2,3,7,17,20,22,23,5,Powerball Draw 1286 dividends
1,2,7,8,11,16,28,7,Powerball Draw 1285 dividends
4,9,11,12,21,29,32,2,Powerball Draw 1284 dividends
4,5,9,16,17,29,33,13,Powerball Draw 1283 dividends
4,8,9,11,14,19,20,19,Powerball Draw 1282 dividends
1,12,15,17,21,28,29,17,Powerball Draw 1281 dividends
3,7,20,21,25,30,31,2,Powerball Draw 1280 dividends
1,7,12,13,26,30,34,11,Powerball Draw 1279 dividends
6,9,11,14,19,23,24,20,Powerball Draw 1278 dividends
2,3,13,14,21,24,35,12,Powerball Draw 1277 dividends
1,2,10,16,24,28,31,19,Powerball Draw 1276 dividends
1,5,6,10,16,19,31,10,Powerball Draw 1275 dividends
2,7,9,15,27,31,32,7,Powerball Draw 1274 dividends
9,10,11,17,19,20,35,3,Powerball Draw 1273 dividends
11,15,16,18,22,26,30,4,Powerball Draw 1272 dividends
1,3,8,11,13,31,32,3,Powerball Draw 1271 dividends
3,4,5,7,11,19,28,6,Powerball Draw 1270 dividends
2,8,9,10,19,23,29,14,Powerball Draw 1269 dividends
1,3,9,13,17,23,32,19,Powerball Draw 1268 dividends
2,13,14,16,18,23,28,9,Powerball Draw 1267 dividends
8,12,17,18,21,23,35,1,Powerball Draw 1266 dividends
5,6,14,15,16,24,32,19,Powerball Draw 1265 dividends
5,7,14,18,23,27,33,7,Powerball Draw 1264 dividends
3,9,19,24,27,30,35,1,Powerball Draw 1263 dividends
3,7,9,16,17,28,32,6,Powerball Draw 1262 dividends
11,14,18,23,26,32,34,5,Powerball Draw 1261 dividends
2,21,26,28,31,32,33,12,Powerball Draw 1260 dividends
1,6,10,15,16,21,26,19,Powerball Draw 1259 dividends
8,12,18,20,24,27,35,17,Powerball Draw 1258 dividends
7,14,17,22,24,28,32,1,Powerball Draw 1257 dividends
1,14,17,22,26,28,33,9,Powerball Draw 1256 dividends
1,5,10,12,17,20,27,13,Powerball Draw 1255 dividends
9,10,21,24,25,30,32,19,Powerball Draw 1254 dividends
7,8,9,18,23,30,32,4,Powerball Draw 1253 dividends
3,4,8,22,23,24,31,15,Powerball Draw 1252 dividends
9,12,16,23,26,29,35,10,Powerball Draw 1251 dividends
6,9,17,25,28,32,34,10,Powerball Draw 1250 dividends
3,6,7,14,18,32,35,2,Powerball Draw 1249 dividends
8,12,15,18,19,24,25,18,Powerball Draw 1248 dividends
2,4,12,18,19,27,34,11,Powerball Draw 1247 dividends
1,3,14,17,19,22,26,18,Powerball Draw 1246 dividends
1,12,14,16,21,27,29,7,Powerball Draw 1245 dividends
1,10,11,12,18,20,27,20,Powerball Draw 1244 dividends
10,17,19,20,26,28,33,2,Powerball Draw 1243 dividends
10,16,23,24,27,28,33,12,Powerball Draw 1242 dividends
1,9,16,17,22,24,31,2,Powerball Draw 1241 dividends
1,3,12,13,21,26,31,19,Powerball Draw 1240 dividends
2,5,7,14,25,29,32,3,Powerball Draw 1239 dividends
1,2,3,11,15,26,35,17,Powerball Draw 1238 dividends
5,8,9,17,20,22,35,16,Powerball Draw 1237 dividends
4,5,10,13,23,27,28,4,Powerball Draw 1236 dividends
7,14,16,20,21,25,28,11,Powerball Draw 1235 dividends
3,4,7,9,24,29,31,2,Powerball Draw 1234 dividends
2,3,9,21,25,27,35,4,Powerball Draw 1233 dividends
7,9,12,17,23,26,27,2,Powerball Draw 1232 dividends
4,8,9,10,11,29,32,18,Powerball Draw 1231 dividends
9,11,15,16,18,28,35,9,Powerball Draw 1230 dividends
14,19,20,27,29,30,32,6,Powerball Draw 1229 dividends
4,12,18,20,21,23,30,1,Powerball Draw 1228 dividends
1,2,3,12,13,23,25,1,Powerball Draw 1227 dividends
8,10,20,24,26,28,32,6,Powerball Draw 1226 dividends
3,7,10,12,13,21,33,4,Powerball Draw 1225 dividends
9,10,16,18,22,29,33,8,Powerball Draw 1224 dividends
1,7,11,12,19,24,30,7,Powerball Draw 1223 dividends
2,6,7,9,21,22,25,12,Powerball Draw 1222 dividends
3,6,11,16,27,28,35,10,Powerball Draw 1221 dividends
2,11,15,20,22,25,29,3,Powerball Draw 1220 dividends
9,22,25,26,27,30,33,19,Powerball Draw 1219 dividends
4,5,8,17,18,26,31,9,Powerball Draw 1218 dividends
10,11,20,27,28,30,31,2,Powerball Draw 1217 dividends
2,4,14,16,19,27,29,13,Powerball Draw 1216 dividends
8,9,11,20,22,27,32,20,Powerball Draw 1215 dividends
3,7,10,11,17,26,35,19,Powerball Draw 1214 dividends
7,14,21,24,27,30,35,13,Powerball Draw 1213 dividends
1,5,11,16,17,29,30,8,Powerball Draw 1212 dividends
9,15,22,23,25,30,35,6,Powerball Draw 1211 dividends
1,3,9,11,22,23,24,4,Powerball Draw 1210 dividends
1,6,11,13,16,23,27,11,Powerball Draw 1209 dividends
6,7,8,21,27,28,34,16,Powerball Draw 1208 dividends
2,15,20,21,22,27,28,3,Powerball Draw 1207 dividends
2,7,17,21,27,32,35,7,Powerball Draw 1206 dividends
4,10,14,16,17,19,34,13,Powerball Draw 1205 dividends
1,5,8,11,17,23,25,3,Powerball Draw 1204 dividends
2,7,8,11,31,33,35,20,Powerball Draw 1203 dividends
4,10,14,17,22,31,34,7,Powerball Draw 1202 dividends
6,7,10,16,17,20,30,4,Powerball Draw 1201 dividends
1,11,13,17,24,34,35,19,Powerball Draw 1200 dividends
5,15,17,18,19,26,29,2,Powerball Draw 1199 dividends
2,4,6,8,9,11,33,4,Powerball Draw 1198 dividends
2,5,9,11,23,25,33,6,Powerball Draw 1197 dividends
1,2,4,11,17,21,30,2,Powerball Draw 1196 dividends
8,15,18,19,20,22,32,9,Powerball Draw 1195 dividends
2,12,14,16,21,25,33,4,Powerball Draw 1194 dividends
4,5,25,26,27,30,34,18,Powerball Draw 1193 dividends
3,14,20,27,29,30,31,7,Powerball Draw 1192 dividends
2,5,8,17,20,24,27,6,Powerball Draw 1191 dividends
4,6,9,13,20,23,27,2,Powerball Draw 1190 dividends
2,4,5,7,11,13,14,14,Powerball Draw 1189 dividends
3,4,12,16,21,25,27,8,Powerball Draw 1188 dividends
3,6,10,11,21,23,34,5,Powerball Draw 1187 dividends
6,11,17,20,22,24,32,19,Powerball Draw 1186 dividends
10,19,22,28,29,31,34,10,Powerball Draw 1185 dividends
2,8,17,19,23,29,35,3,Powerball Draw 1184 dividends
4,11,18,20,22,26,33,9,Powerball Draw 1183 dividends
3,7,10,24,28,31,34,14,Powerball Draw 1182 dividends
7,8,11,12,19,25,33,13,Powerball Draw 1181 dividends
5,7,8,9,17,18,29,19,Powerball Draw 1180 dividends
5,9,13,19,20,24,32,15,Powerball Draw 1179 dividends
7,8,15,24,26,28,35,13,Powerball Draw 1178 dividends
3,5,6,14,20,26,33,19,Powerball Draw 1177 dividends
3,5,17,20,22,29,33,12,Powerball Draw 1176 dividends
3,14,17,28,29,33,34,17,Powerball Draw 1175 dividends
2,7,16,18,23,25,29,20,Powerball Draw 1174 dividends
12,15,17,23,29,30,35,10,Powerball Draw 1173 dividends
4,8,11,17,24,30,35,3,Powerball Draw 1172 dividends
9,11,13,25,26,28,29,12,Powerball Draw 1171 dividends
7,10,17,25,29,33,35,5,Powerball Draw 1170 dividends
13,20,21,23,27,30,32,13,Powerball Draw 1169 dividends
3,11,21,22,24,28,32,7,Powerball Draw 1168 dividends
5,10,15,19,21,22,30,3,Powerball Draw 1167 dividends
2,6,8,10,17,20,30,8,Powerball Draw 1166 dividends
1,2,17,19,22,34,35,11,Powerball Draw 1165 dividends
7,14,18,21,23,25,27,20,Powerball Draw 1164 dividends
13,15,19,20,22,28,32,20,Powerball Draw 1163 dividends
2,6,9,14,18,28,29,11,Powerball Draw 1162 dividends
3,13,27,31,32,33,35,3,Powerball Draw 1161 dividends
4,5,10,12,13,18,34,19,Powerball Draw 1160 dividends
1,3,9,17,22,32,34,19,Powerball Draw 1159 dividends
1,7,8,22,28,31,32,15,Powerball Draw 1158 dividends
2,4,22,23,24,25,29,17,Powerball Draw 1157 dividends
4,16,18,23,25,31,32,5,Powerball Draw 1156 dividends
7,20,23,29,32,33,34,16,Powerball Draw 1155 dividends
2,4,7,17,25,28,34,3,Powerball Draw 1154 dividends
2,5,9,13,24,31,35,16,Powerball Draw 1153 dividends
2,6,7,14,16,29,31,15,Powerball Draw 1152 dividends
14,22,23,24,30,32,34,9,Powerball Draw 1151 dividends
8,9,18,27,29,30,32,6,Powerball Draw 1150 dividends
2,12,14,18,19,23,25,17,Powerball Draw 1149 dividends
3,9,16,25,26,31,34,9,Powerball Draw 1148 dividends
6,14,15,24,26,32,35,14,Powerball Draw 1147 dividends
1,3,6,16,19,20,24,13,Powerball Draw 1146 dividends
9,14,15,19,24,34,35,12,Powerball Draw 1145 dividends
4,5,9,13,25,32,33,7,Powerball Draw 1144 dividends